date,cumulative_prs_created
2015-09-03T14:42:34+00:00,1
2015-09-10T20:59:00+00:00,2
2015-09-15T16:32:32+00:00,3
2015-09-16T10:30:12+00:00,4
2015-09-25T07:45:16+00:00,5
2015-09-27T10:42:37+00:00,6
2015-09-28T10:23:24+00:00,7
2015-09-28T12:26:07+00:00,8
2015-09-30T13:51:16+00:00,9
2015-10-06T16:14:16+00:00,10
2015-10-06T20:28:09+00:00,11
2015-10-07T09:01:47+00:00,12
2015-10-12T12:45:29+00:00,13
2015-10-13T12:12:57+00:00,14
2015-10-14T12:04:44+00:00,15
2015-10-16T16:18:35+00:00,16
2015-10-22T13:46:37+00:00,17
2015-10-26T15:48:50+00:00,18
2015-11-06T11:23:57+00:00,19
2015-11-07T12:53:59+00:00,20
2015-11-07T13:00:20+00:00,21
2015-11-10T23:30:36+00:00,22
2015-11-24T13:32:20+00:00,23
2015-12-14T14:19:46+00:00,24
2016-02-04T14:45:36+00:00,25
2016-02-05T23:57:34+00:00,26
2016-02-17T08:47:12+00:00,27
2016-02-17T08:47:31+00:00,28
2016-03-09T09:58:02+00:00,29
2016-03-14T15:46:55+00:00,30
2016-03-15T13:59:52+00:00,31
2016-03-18T16:37:55+00:00,32
2016-04-07T15:13:21+00:00,33
2016-04-08T15:09:05+00:00,34
2016-04-17T09:27:32+00:00,35
2016-04-20T15:49:20+00:00,36
2016-04-21T13:40:26+00:00,37
2016-04-21T14:34:15+00:00,38
2016-04-27T21:36:38+00:00,39
2016-05-03T08:29:45+00:00,40
2016-05-03T15:46:48+00:00,41
2016-05-05T18:49:57+00:00,42
2016-05-08T15:23:27+00:00,43
2016-05-17T17:21:06+00:00,44
2016-05-27T14:05:21+00:00,45
2016-05-31T11:59:14+00:00,46
2016-06-10T12:07:11+00:00,47
2016-06-14T17:24:00+00:00,48
2016-06-26T17:58:45+00:00,49
2016-07-04T09:53:17+00:00,50
2016-07-05T14:35:35+00:00,51
2016-07-06T16:32:18+00:00,52
2016-07-06T21:33:49+00:00,53
2016-07-07T14:10:15+00:00,54
2016-07-07T16:21:27+00:00,55
2016-07-07T18:08:42+00:00,56
2016-07-07T20:25:45+00:00,57
2016-07-14T11:19:45+00:00,58
2016-07-15T09:05:15+00:00,59
2016-07-18T13:01:07+00:00,60
2016-07-27T10:59:43+00:00,61
2016-08-23T13:51:39+00:00,62
2016-08-31T06:15:12+00:00,63
2016-09-16T14:11:25+00:00,64
2016-09-19T09:08:39+00:00,65
2016-10-11T12:39:42+00:00,66
2016-10-11T13:08:05+00:00,67
2016-10-22T02:22:59+00:00,68
2016-10-29T22:21:14+00:00,69
2016-11-04T08:48:22+00:00,70
2016-11-04T14:35:30+00:00,71
2016-11-21T15:07:11+00:00,72
2016-11-23T10:28:46+00:00,73
2016-11-28T11:38:00+00:00,74
2016-11-29T13:39:04+00:00,75
2016-12-07T14:34:30+00:00,76
2016-12-07T15:30:03+00:00,77
2016-12-14T22:03:18+00:00,78
2016-12-15T13:53:13+00:00,79
2016-12-16T13:39:18+00:00,80
2016-12-20T10:59:02+00:00,81
2016-12-20T19:12:41+00:00,82
2016-12-20T23:28:14+00:00,83
2016-12-20T23:36:43+00:00,84
2016-12-21T17:09:51+00:00,85
2016-12-21T18:38:56+00:00,86
2016-12-26T12:07:54+00:00,87
2017-01-01T11:22:03+00:00,88
2017-01-04T12:37:51+00:00,89
2017-01-05T10:07:04+00:00,90
2017-01-06T15:21:11+00:00,91
2017-01-11T14:55:00+00:00,92
2017-02-12T10:28:58+00:00,93
2017-02-15T18:30:11+00:00,94
2017-02-20T09:14:52+00:00,95
2017-02-20T10:57:14+00:00,96
2017-03-06T15:51:24+00:00,97
2017-03-13T12:07:32+00:00,98
2017-03-21T22:31:10+00:00,99
2017-03-28T18:31:53+00:00,100
2017-03-29T20:00:23+00:00,101
2017-04-01T17:41:16+00:00,102
2017-04-05T08:03:46+00:00,103
2017-04-10T09:53:30+00:00,104
2017-04-10T17:56:10+00:00,105
2017-04-13T12:33:52+00:00,106
2017-04-19T11:18:17+00:00,107
2017-04-25T13:17:35+00:00,108
2017-04-25T14:10:17+00:00,109
2017-05-09T14:45:11+00:00,110
2017-05-15T21:47:02+00:00,111
2017-05-22T15:24:31+00:00,112
2017-05-25T21:06:38+00:00,113
2017-06-05T08:50:33+00:00,114
2017-06-23T08:57:35+00:00,115
2017-06-27T12:48:25+00:00,116
2017-07-07T15:18:12+00:00,117
2017-07-10T23:26:58+00:00,118
2017-07-13T09:49:50+00:00,119
2017-07-20T13:39:06+00:00,120
2017-07-20T14:33:06+00:00,121
2017-07-20T14:33:25+00:00,122
2017-07-20T14:48:07+00:00,123
2017-07-20T15:10:04+00:00,124
2017-07-20T15:35:33+00:00,125
2017-07-20T15:37:46+00:00,126
2017-07-20T16:00:41+00:00,127
2017-07-21T07:41:14+00:00,128
2017-07-21T08:46:15+00:00,129
2017-07-21T10:23:32+00:00,130
2017-07-21T12:27:41+00:00,131
2017-07-21T12:35:45+00:00,132
2017-07-21T13:31:36+00:00,133
2017-07-21T13:55:09+00:00,134
2017-07-21T14:47:23+00:00,135
2017-07-21T16:09:30+00:00,136
2017-07-22T12:15:39+00:00,137
2017-07-25T13:04:35+00:00,138
2017-07-28T09:21:59+00:00,139
2017-07-28T15:14:24+00:00,140
2017-07-31T10:57:19+00:00,141
2017-08-04T14:17:20+00:00,142
2017-08-08T09:34:09+00:00,143
2017-08-09T14:11:40+00:00,144
2017-08-10T20:46:38+00:00,145
2017-08-12T18:53:52+00:00,146
2017-08-14T13:37:36+00:00,147
2017-08-15T16:33:08+00:00,148
2017-08-16T10:26:02+00:00,149
2017-08-17T10:24:51+00:00,150
2017-08-17T11:35:34+00:00,151
2017-08-18T13:11:17+00:00,152
2017-08-18T13:16:36+00:00,153
2017-08-20T18:25:47+00:00,154
2017-08-21T15:16:18+00:00,155
2017-08-28T11:28:14+00:00,156
2017-08-31T07:02:07+00:00,157
2017-08-31T11:00:22+00:00,158
2017-08-31T11:22:12+00:00,159
2017-08-31T11:33:27+00:00,160
2017-09-05T09:11:28+00:00,161
2017-09-05T09:41:36+00:00,162
2017-09-05T12:28:38+00:00,163
2017-09-06T07:42:30+00:00,164
2017-09-06T13:57:06+00:00,165
2017-09-07T13:21:10+00:00,166
2017-09-08T12:51:23+00:00,167
2017-09-11T15:15:16+00:00,168
2017-09-18T08:49:56+00:00,169
2017-09-21T12:35:37+00:00,170
2017-09-27T13:50:28+00:00,171
2017-09-28T10:41:21+00:00,172
2017-09-28T11:29:40+00:00,173
2017-09-29T08:44:29+00:00,174
2017-10-02T10:40:23+00:00,175
2017-10-02T15:21:36+00:00,176
2017-10-03T12:43:24+00:00,177
2017-10-06T13:08:30+00:00,178
2017-10-11T03:21:59+00:00,179
2017-10-11T03:30:38+00:00,180
2017-10-11T03:44:09+00:00,181
2017-10-12T16:39:11+00:00,182
2017-10-14T15:52:58+00:00,183
2017-10-23T15:00:25+00:00,184
2017-10-24T12:31:17+00:00,185
2017-11-07T13:34:56+00:00,186
2017-11-07T15:36:21+00:00,187
2017-11-15T10:37:59+00:00,188
2017-11-30T14:17:34+00:00,189
2017-11-30T14:53:03+00:00,190
2017-12-14T14:13:12+00:00,191
2017-12-14T16:57:01+00:00,192
2017-12-22T13:26:54+00:00,193
2018-01-04T13:22:42+00:00,194
2018-01-08T09:10:22+00:00,195
2018-01-10T10:46:49+00:00,196
2018-01-10T11:43:50+00:00,197
2018-01-12T13:01:54+00:00,198
2018-01-12T16:34:04+00:00,199
2018-01-18T13:20:18+00:00,200
2018-01-25T18:32:08+00:00,201
2018-02-06T10:58:31+00:00,202
2018-02-19T15:11:37+00:00,203
2018-02-23T02:53:16+00:00,204
2018-02-26T12:28:13+00:00,205
2018-03-05T15:23:17+00:00,206
2018-03-06T09:45:45+00:00,207
2018-03-06T12:40:56+00:00,208
2018-03-08T12:09:59+00:00,209
2018-03-08T12:57:45+00:00,210
2018-03-09T12:21:31+00:00,211
2018-03-12T06:53:56+00:00,212
2018-03-12T22:03:21+00:00,213
2018-03-14T17:11:32+00:00,214
2018-03-21T15:25:30+00:00,215
2018-03-23T13:33:01+00:00,216
2018-03-28T14:48:12+00:00,217
2018-04-04T12:09:26+00:00,218
2018-04-05T07:52:20+00:00,219
2018-04-06T16:17:45+00:00,220
2018-04-10T14:14:48+00:00,221
2018-04-11T07:26:05+00:00,222
2018-04-11T09:15:58+00:00,223
2018-04-16T09:57:06+00:00,224
2018-04-18T19:21:18+00:00,225
2018-04-23T11:24:54+00:00,226
2018-04-23T13:17:55+00:00,227
2018-04-23T13:18:22+00:00,228
2018-04-23T13:19:31+00:00,229
2018-04-23T14:03:04+00:00,230
2018-04-24T11:22:05+00:00,231
2018-05-03T12:44:59+00:00,232
2018-05-04T08:03:15+00:00,233
2018-05-14T12:07:33+00:00,234
2018-05-15T13:50:27+00:00,235
2018-05-18T08:02:10+00:00,236
2018-05-28T10:55:26+00:00,237
2018-05-29T05:33:41+00:00,238
2018-05-30T14:15:30+00:00,239
2018-06-11T14:06:36+00:00,240
2018-06-15T08:28:07+00:00,241
2018-06-19T05:02:41+00:00,242
2018-06-21T18:20:17+00:00,243
2018-06-25T10:50:18+00:00,244
2018-06-26T21:43:37+00:00,245
2018-06-28T12:20:22+00:00,246
2018-06-30T20:37:38+00:00,247
2018-07-03T07:49:57+00:00,248
2018-07-05T15:21:42+00:00,249
2018-07-18T19:13:38+00:00,250
2018-07-19T10:49:57+00:00,251
2018-07-30T17:44:27+00:00,252
2018-08-02T08:48:27+00:00,253
2018-08-03T01:36:03+00:00,254
2018-08-03T11:59:28+00:00,255
2018-08-16T14:27:14+00:00,256
2018-08-17T14:06:15+00:00,257
2018-08-28T17:49:39+00:00,258
2018-09-07T09:53:31+00:00,259
2018-09-10T09:44:41+00:00,260
2018-09-13T13:46:06+00:00,261
2018-09-18T09:51:01+00:00,262
2018-10-21T21:28:20+00:00,263
2018-10-30T01:48:27+00:00,264
2018-11-04T05:36:35+00:00,265
2018-11-14T15:40:52+00:00,266
2018-12-03T12:19:19+00:00,267
2018-12-11T00:23:22+00:00,268
2018-12-19T14:00:19+00:00,269
2018-12-21T07:24:47+00:00,270
2018-12-21T08:49:15+00:00,271
2018-12-21T11:45:50+00:00,272
2018-12-21T14:30:44+00:00,273
2019-01-07T09:17:42+00:00,274
2019-01-31T15:20:23+00:00,275
2019-02-05T01:43:38+00:00,276
2019-02-20T19:20:30+00:00,277
2019-02-21T22:10:27+00:00,278
2019-03-03T18:50:57+00:00,279
2019-03-03T20:14:12+00:00,280
2019-03-03T20:52:38+00:00,281
2019-03-04T09:49:28+00:00,282
2019-03-04T10:49:28+00:00,283
2019-03-04T13:16:51+00:00,284
2019-03-05T21:36:39+00:00,285
2019-03-07T21:06:09+00:00,286
2019-03-08T11:14:42+00:00,287
2019-03-19T08:30:42+00:00,288
2019-03-19T09:52:01+00:00,289
2019-03-19T13:07:07+00:00,290
2019-03-19T14:33:44+00:00,291
2019-03-21T16:33:47+00:00,292
2019-04-02T08:37:56+00:00,293
2019-04-03T08:44:34+00:00,294
2019-04-03T12:45:54+00:00,295
2019-04-05T21:19:27+00:00,296
2019-04-21T09:48:27+00:00,297
2019-05-04T03:25:39+00:00,298
2019-05-08T08:57:08+00:00,299
2019-05-23T17:10:30+00:00,300
2019-06-13T16:39:57+00:00,301
2019-06-20T18:32:36+00:00,302
2019-06-25T16:22:17+00:00,303
2019-06-25T22:23:39+00:00,304
2019-07-12T13:05:35+00:00,305
2019-07-12T13:06:09+00:00,306
2019-08-05T16:05:31+00:00,307
2019-08-14T10:51:57+00:00,308
2019-08-15T11:26:14+00:00,309
2019-08-30T13:29:47+00:00,310
2019-09-20T08:58:11+00:00,311
2019-10-01T11:30:31+00:00,312
2019-10-01T15:04:55+00:00,313
2019-10-10T21:19:02+00:00,314
2019-10-15T21:44:15+00:00,315
2019-10-16T12:30:25+00:00,316
2019-10-16T15:30:20+00:00,317
2019-10-16T16:22:31+00:00,318
2019-10-18T12:23:46+00:00,319
2019-10-18T17:10:38+00:00,320
2019-10-28T15:45:12+00:00,321
2019-11-11T13:33:20+00:00,322
2019-11-12T10:21:26+00:00,323
2019-11-14T08:39:28+00:00,324
2019-11-14T17:13:50+00:00,325
2019-11-15T09:46:31+00:00,326
2019-11-26T05:55:38+00:00,327
2019-12-04T12:34:27+00:00,328
2019-12-12T11:15:49+00:00,329
2019-12-18T13:25:21+00:00,330
2019-12-20T13:20:07+00:00,331
2020-01-06T03:12:58+00:00,332
2020-01-25T04:02:10+00:00,333
2020-01-28T13:16:42+00:00,334
2020-02-07T20:52:05+00:00,335
2020-02-13T18:14:38+00:00,336
2020-02-14T12:39:07+00:00,337
2020-02-17T12:22:20+00:00,338
2020-02-17T16:10:10+00:00,339
2020-02-19T20:01:32+00:00,340
2020-03-03T16:45:15+00:00,341
2020-03-03T16:58:31+00:00,342
2020-03-03T23:36:09+00:00,343
2020-03-04T04:57:11+00:00,344
2020-03-05T17:00:46+00:00,345
2020-03-09T09:40:39+00:00,346
2020-03-11T09:36:28+00:00,347
2020-03-16T22:07:05+00:00,348
2020-03-19T11:00:12+00:00,349
2020-03-20T11:03:00+00:00,350
2020-03-24T23:00:23+00:00,351
2020-03-27T04:56:54+00:00,352
2020-03-29T03:45:17+00:00,353
2020-03-29T14:57:41+00:00,354
2020-03-31T09:11:36+00:00,355
2020-03-31T10:35:39+00:00,356
2020-04-01T07:54:56+00:00,357
2020-04-02T00:55:22+00:00,358
2020-04-02T14:58:14+00:00,359
2020-04-03T16:14:09+00:00,360
2020-04-03T16:59:15+00:00,361
2020-04-07T20:22:06+00:00,362
2020-04-08T14:49:57+00:00,363
2020-04-17T16:47:35+00:00,364
2020-04-18T17:52:27+00:00,365
2020-04-20T19:56:58+00:00,366
2020-04-22T05:27:56+00:00,367
2020-04-23T19:15:09+00:00,368
2020-04-27T06:57:08+00:00,369
2020-04-30T14:43:06+00:00,370
2020-05-01T17:00:42+00:00,371
2020-05-06T07:38:36+00:00,372
2020-05-07T14:03:48+00:00,373
2020-05-07T16:24:24+00:00,374
2020-05-12T12:43:03+00:00,375
2020-05-13T20:46:21+00:00,376
2020-05-15T11:35:14+00:00,377
2020-05-20T10:31:23+00:00,378
2020-05-20T10:51:36+00:00,379
2020-05-27T09:31:58+00:00,380
2020-05-27T13:36:00+00:00,381
2020-05-28T10:59:16+00:00,382
2020-05-28T12:38:06+00:00,383
2020-05-28T18:55:26+00:00,384
2020-05-28T23:01:09+00:00,385
2020-05-29T22:58:02+00:00,386
2020-05-30T11:30:26+00:00,387
2020-06-01T11:47:59+00:00,388
2020-06-03T09:00:10+00:00,389
2020-06-04T08:44:28+00:00,390
2020-06-05T11:59:13+00:00,391
2020-06-10T08:32:47+00:00,392
2020-06-10T14:47:11+00:00,393
2020-06-16T11:42:19+00:00,394
2020-06-19T19:29:20+00:00,395
2020-06-24T06:43:43+00:00,396
2020-06-29T21:08:10+00:00,397
2020-06-30T08:49:25+00:00,398
2020-06-30T19:37:17+00:00,399
2020-07-06T10:34:29+00:00,400
2020-07-10T14:14:06+00:00,401
2020-07-15T23:31:47+00:00,402
2020-07-16T17:50:41+00:00,403
2020-08-17T23:24:15+00:00,404
2020-08-18T15:21:15+00:00,405
2020-08-20T10:18:38+00:00,406
2020-09-02T18:53:38+00:00,407
2020-09-08T14:21:48+00:00,408
2020-09-09T09:06:15+00:00,409
2020-09-11T20:48:51+00:00,410
2020-09-14T13:53:38+00:00,411
2020-09-25T18:18:25+00:00,412
2020-09-26T19:36:29+00:00,413
2020-09-28T17:40:06+00:00,414
2020-09-28T20:48:17+00:00,415
2020-09-29T14:46:29+00:00,416
2020-10-01T14:01:46+00:00,417
2020-10-02T18:03:59+00:00,418
2020-10-07T04:45:47+00:00,419
2020-10-07T07:46:53+00:00,420
2020-10-07T13:08:44+00:00,421
2020-10-08T21:07:54+00:00,422
2020-10-23T09:31:18+00:00,423
2020-10-23T12:43:14+00:00,424
2020-10-23T20:49:18+00:00,425
2020-10-31T02:36:05+00:00,426
2020-11-03T08:33:54+00:00,427
2020-11-11T15:24:44+00:00,428
2020-11-12T09:47:31+00:00,429
2020-11-16T06:50:24+00:00,430
2020-11-16T06:52:44+00:00,431
2020-11-16T09:58:43+00:00,432
2020-11-18T09:57:54+00:00,433
2020-11-19T09:32:21+00:00,434
2020-12-04T10:24:48+00:00,435
2020-12-16T07:59:17+00:00,436
2020-12-17T15:58:55+00:00,437
2020-12-29T23:38:14+00:00,438
2020-12-30T00:24:17+00:00,439
2021-01-05T18:17:25+00:00,440
2021-01-07T02:26:29+00:00,441
2021-01-16T18:28:02+00:00,442
2021-01-30T20:09:54+00:00,443
2021-02-05T21:01:24+00:00,444
2021-02-13T04:45:27+00:00,445
2021-02-18T02:55:06+00:00,446
2021-02-23T17:21:11+00:00,447
2021-02-24T00:57:57+00:00,448
2021-02-24T11:23:10+00:00,449
2021-03-04T22:55:19+00:00,450
2021-03-05T18:04:47+00:00,451
2021-03-06T20:44:07+00:00,452
2021-03-08T12:52:35+00:00,453
2021-03-26T12:14:32+00:00,454
2021-04-01T16:09:12+00:00,455
2021-04-21T14:23:42+00:00,456
2021-04-26T18:55:50+00:00,457
2021-04-27T13:11:55+00:00,458
2021-04-27T14:07:19+00:00,459
2021-05-04T04:34:41+00:00,460
2021-05-05T10:42:11+00:00,461
2021-05-21T23:34:09+00:00,462
2021-05-22T02:11:42+00:00,463
2021-05-27T14:36:49+00:00,464
2021-06-10T20:06:04+00:00,465
2021-06-14T12:25:19+00:00,466
2021-06-14T13:00:51+00:00,467
2021-06-15T12:10:41+00:00,468
2021-06-15T14:39:56+00:00,469
2021-06-18T08:53:15+00:00,470
2021-06-18T10:25:24+00:00,471
2021-06-26T12:46:24+00:00,472
2021-06-28T08:13:49+00:00,473
2021-06-29T15:13:14+00:00,474
2021-06-30T09:30:04+00:00,475
2021-06-30T12:39:26+00:00,476
2021-06-30T13:26:50+00:00,477
2021-06-30T14:35:15+00:00,478
2021-06-30T15:12:41+00:00,479
2021-07-02T14:37:26+00:00,480
2021-07-02T17:51:43+00:00,481
2021-07-05T13:24:27+00:00,482
2021-07-07T03:10:52+00:00,483
2021-07-07T13:22:21+00:00,484
2021-07-10T20:35:23+00:00,485
2021-07-12T10:36:49+00:00,486
2021-07-16T19:43:19+00:00,487
2021-07-17T10:26:23+00:00,488
2021-07-17T10:56:48+00:00,489
2021-07-17T21:10:26+00:00,490
2021-07-19T12:19:37+00:00,491
2021-07-19T19:40:45+00:00,492
2021-07-23T21:03:38+00:00,493
2021-07-30T15:01:53+00:00,494
2021-08-05T21:55:27+00:00,495
2021-08-06T15:34:44+00:00,496
2021-08-07T02:13:29+00:00,497
2021-08-09T23:16:37+00:00,498
2021-08-10T09:44:46+00:00,499
2021-08-12T14:02:29+00:00,500
2021-08-13T04:16:17+00:00,501
2021-08-16T14:44:43+00:00,502
2021-08-17T07:13:54+00:00,503
2021-08-17T10:19:26+00:00,504
2021-08-17T14:01:10+00:00,505
2021-08-18T11:59:38+00:00,506
2021-08-18T12:54:32+00:00,507
2021-08-18T13:30:21+00:00,508
2021-08-19T09:15:41+00:00,509
2021-08-19T13:45:45+00:00,510
2021-08-19T15:59:31+00:00,511
2021-09-04T02:25:36+00:00,512
2021-09-17T12:51:14+00:00,513
2021-09-17T12:53:35+00:00,514
2021-10-11T20:19:26+00:00,515
2021-10-20T17:19:30+00:00,516
2021-10-23T15:33:53+00:00,517
2021-10-27T17:52:50+00:00,518
2021-11-01T08:30:39+00:00,519
2021-11-02T03:55:25+00:00,520
2021-11-06T19:09:14+00:00,521
2021-11-06T19:13:33+00:00,522
2021-11-06T19:28:07+00:00,523
2021-11-07T18:10:41+00:00,524
2021-11-07T23:53:20+00:00,525
2021-11-12T17:32:32+00:00,526
2021-11-15T04:48:18+00:00,527
2021-11-15T20:00:30+00:00,528
2021-11-17T17:10:02+00:00,529
2021-11-18T18:53:44+00:00,530
2021-11-19T18:46:24+00:00,531
2021-11-22T08:29:56+00:00,532
2021-11-22T22:46:32+00:00,533
2021-11-23T15:19:44+00:00,534
2021-11-25T23:46:26+00:00,535
2021-12-13T07:24:11+00:00,536
2021-12-13T12:06:43+00:00,537
2021-12-16T19:14:03+00:00,538
2021-12-25T13:56:37+00:00,539
2022-01-05T11:16:10+00:00,540
2022-01-20T10:55:25+00:00,541
2022-02-01T09:59:40+00:00,542
2022-02-04T23:30:49+00:00,543
2022-02-11T14:53:06+00:00,544
2022-02-12T16:46:56+00:00,545
2022-02-15T13:31:15+00:00,546
2022-02-17T09:59:47+00:00,547
2022-02-23T15:30:21+00:00,548
2022-02-23T19:46:43+00:00,549
2022-02-25T05:29:52+00:00,550
2022-03-01T17:36:02+00:00,551
2022-03-10T14:46:16+00:00,552
2022-03-15T14:35:30+00:00,553
2022-03-21T12:39:13+00:00,554
2022-03-30T21:33:10+00:00,555
2022-03-31T07:15:14+00:00,556
2022-04-01T08:58:56+00:00,557
2022-04-04T11:24:50+00:00,558
2022-04-08T13:26:59+00:00,559
2022-04-09T02:41:41+00:00,560
2022-04-10T15:11:46+00:00,561
2022-04-15T14:01:52+00:00,562
2022-04-16T04:08:11+00:00,563
2022-05-07T21:54:39+00:00,564
2022-05-20T07:14:50+00:00,565
2022-05-23T10:26:08+00:00,566
2022-05-30T18:20:23+00:00,567
2022-06-05T14:33:41+00:00,568
2022-06-07T05:11:22+00:00,569
2022-06-07T07:07:55+00:00,570
2022-06-13T10:00:31+00:00,571
2022-06-13T10:03:52+00:00,572
2022-06-16T12:18:34+00:00,573
2022-06-20T11:19:26+00:00,574
2022-06-23T12:38:26+00:00,575
2022-06-23T15:44:44+00:00,576
2022-06-27T09:24:51+00:00,577
2022-07-01T11:24:05+00:00,578
2022-07-06T14:41:23+00:00,579
2022-07-12T09:05:15+00:00,580
2022-07-16T07:00:34+00:00,581
2022-07-19T23:56:12+00:00,582
2022-07-20T12:26:40+00:00,583
2022-07-20T13:34:47+00:00,584
2022-07-26T10:38:46+00:00,585
2022-07-26T18:21:43+00:00,586
2022-08-01T12:40:45+00:00,587
2022-08-09T07:34:44+00:00,588
2022-08-09T23:51:45+00:00,589
2022-08-10T05:57:46+00:00,590
2022-08-11T12:02:32+00:00,591
2022-08-14T22:53:19+00:00,592
2022-08-14T23:08:04+00:00,593
2022-08-17T12:33:08+00:00,594
2022-08-30T09:20:42+00:00,595
2022-09-01T09:28:34+00:00,596
2022-09-08T21:30:17+00:00,597
2022-09-09T22:43:05+00:00,598
2022-09-09T23:05:19+00:00,599
2022-09-09T23:08:33+00:00,600
2022-09-10T18:09:46+00:00,601
2022-09-21T02:32:46+00:00,602
2022-09-27T15:50:18+00:00,603
2022-10-10T15:26:45+00:00,604
2022-10-13T14:52:33+00:00,605
2022-10-30T16:21:03+00:00,606
2022-10-31T19:02:26+00:00,607
2022-11-08T14:54:46+00:00,608
2022-11-09T11:54:57+00:00,609
2022-11-10T12:52:50+00:00,610
2022-11-11T09:43:32+00:00,611
2022-11-13T21:52:57+00:00,612
2022-11-22T16:33:47+00:00,613
2022-11-23T00:53:04+00:00,614
2022-11-23T09:20:59+00:00,615
2022-11-29T01:37:50+00:00,616
2022-12-07T10:38:05+00:00,617
2022-12-07T16:35:27+00:00,618
2022-12-08T11:08:03+00:00,619
2022-12-09T11:45:04+00:00,620
2022-12-09T15:10:32+00:00,621
2022-12-13T05:52:18+00:00,622
2022-12-14T17:54:52+00:00,623
2022-12-15T23:07:19+00:00,624
2022-12-15T23:47:53+00:00,625
2022-12-16T11:00:05+00:00,626
2022-12-16T14:50:27+00:00,627
2022-12-16T15:48:06+00:00,628
2022-12-19T14:17:36+00:00,629
2022-12-19T14:17:57+00:00,630
2022-12-19T14:18:26+00:00,631
2022-12-20T22:48:01+00:00,632
2022-12-27T14:25:36+00:00,633
2022-12-30T10:42:17+00:00,634
2022-12-30T21:16:13+00:00,635
2023-01-01T00:41:28+00:00,636
2023-01-01T23:12:56+00:00,637
2023-01-03T00:00:35+00:00,638
2023-01-03T02:03:30+00:00,639
2023-01-06T21:41:12+00:00,640
2023-01-10T15:27:46+00:00,641
2023-01-15T22:48:56+00:00,642
2023-02-02T09:49:57+00:00,643
2023-02-02T16:50:29+00:00,644
2023-02-03T14:42:30+00:00,645
2023-02-06T17:10:04+00:00,646
2023-03-05T13:01:27+00:00,647
2023-03-08T10:28:20+00:00,648
2023-03-09T11:07:04+00:00,649
2023-03-09T15:46:21+00:00,650
2023-03-10T16:44:35+00:00,651
2023-03-20T22:49:46+00:00,652
2023-03-20T23:47:24+00:00,653
2023-03-24T22:32:48+00:00,654
2023-03-31T09:51:47+00:00,655
2023-04-13T09:48:44+00:00,656
2023-04-14T05:55:03+00:00,657
2023-04-14T09:45:19+00:00,658
2023-04-24T15:00:38+00:00,659
2023-04-25T09:24:28+00:00,660
2023-04-25T10:33:44+00:00,661
2023-04-25T11:08:19+00:00,662
2023-04-25T12:08:42+00:00,663
2023-04-25T12:29:28+00:00,664
2023-04-25T12:42:29+00:00,665
2023-05-23T11:53:01+00:00,666
2023-05-24T08:18:01+00:00,667
2023-05-25T17:30:38+00:00,668
2023-05-29T11:35:57+00:00,669
2023-06-13T08:27:06+00:00,670
2023-06-16T14:55:17+00:00,671
2023-06-16T20:18:13+00:00,672
2023-06-25T10:35:33+00:00,673
2023-07-01T12:48:06+00:00,674
2023-07-04T17:07:56+00:00,675
2023-07-13T13:52:46+00:00,676
2023-07-24T04:13:40+00:00,677
2023-07-25T12:42:22+00:00,678
2023-07-28T08:31:48+00:00,679
2023-07-29T13:07:56+00:00,680
2023-08-04T19:05:00+00:00,681
2023-08-04T19:27:32+00:00,682
2023-08-09T03:23:27+00:00,683
2023-08-09T13:05:35+00:00,684
2023-08-09T15:17:34+00:00,685
2023-08-11T00:27:57+00:00,686
2023-08-11T15:38:59+00:00,687
2023-08-11T16:59:13+00:00,688
2023-08-14T13:23:22+00:00,689
2023-08-15T12:47:59+00:00,690
2023-08-15T17:11:42+00:00,691
2023-08-15T20:49:53+00:00,692
2023-08-16T08:51:24+00:00,693
2023-08-16T14:30:55+00:00,694
2023-08-17T05:28:12+00:00,695
2023-08-17T19:21:14+00:00,696
2023-08-18T13:59:51+00:00,697
2023-08-18T14:24:58+00:00,698
2023-08-21T17:17:10+00:00,699
2023-08-21T18:25:39+00:00,700
2023-08-22T15:56:01+00:00,701
2023-08-23T14:35:22+00:00,702
2023-08-23T16:00:04+00:00,703
2023-08-24T09:00:06+00:00,704
2023-08-24T16:12:10+00:00,705
2023-08-25T14:11:02+00:00,706
2023-08-25T17:51:32+00:00,707
2023-08-25T21:06:40+00:00,708
2023-08-28T08:48:28+00:00,709
2023-08-28T12:04:47+00:00,710
2023-08-28T12:20:25+00:00,711
2023-08-29T06:11:06+00:00,712
2023-08-30T12:05:45+00:00,713
2023-08-30T20:01:11+00:00,714
2023-08-31T09:46:59+00:00,715
2023-08-31T12:23:28+00:00,716
2023-08-31T12:36:50+00:00,717
2023-08-31T13:58:40+00:00,718
2023-09-01T12:57:22+00:00,719
2023-09-03T14:04:48+00:00,720
2023-09-03T14:30:14+00:00,721
2023-09-04T17:44:28+00:00,722
2023-09-04T18:53:32+00:00,723
2023-09-04T21:10:07+00:00,724
2023-09-06T17:37:14+00:00,725
2023-09-11T11:36:36+00:00,726
2023-09-11T20:21:27+00:00,727
2023-09-11T22:43:43+00:00,728
2023-09-13T11:39:20+00:00,729
2023-09-14T08:02:16+00:00,730
2023-09-14T10:40:28+00:00,731
2023-09-14T11:21:57+00:00,732
2023-09-14T22:54:51+00:00,733
2023-09-17T20:14:59+00:00,734
2023-09-17T21:56:43+00:00,735
2023-09-18T14:34:43+00:00,736
2023-09-18T15:02:28+00:00,737
2023-09-19T08:09:00+00:00,738
2023-09-19T10:21:38+00:00,739
2023-09-19T10:34:59+00:00,740
2023-09-19T11:47:13+00:00,741
2023-09-20T14:35:52+00:00,742
2023-09-20T16:04:59+00:00,743
2023-09-20T17:26:12+00:00,744
2023-09-21T08:41:09+00:00,745
2023-09-21T17:29:29+00:00,746
2023-09-21T17:47:47+00:00,747
2023-09-22T08:05:10+00:00,748
2023-09-22T09:35:16+00:00,749
2023-09-22T09:46:17+00:00,750
2023-09-22T12:34:33+00:00,751
2023-09-22T13:40:33+00:00,752
2023-09-22T14:29:36+00:00,753
2023-09-22T14:36:59+00:00,754
2023-09-24T20:25:58+00:00,755
2023-09-25T18:12:30+00:00,756
2023-09-27T08:17:48+00:00,757
2023-09-27T08:36:42+00:00,758
2023-09-27T09:10:29+00:00,759
2023-09-27T10:53:40+00:00,760
2023-09-27T14:30:12+00:00,761
2023-09-27T17:16:28+00:00,762
2023-09-27T22:18:17+00:00,763
2023-09-28T18:36:01+00:00,764
2023-10-01T15:57:00+00:00,765
2023-10-02T12:53:14+00:00,766
2023-10-03T07:41:53+00:00,767
2023-10-03T13:09:26+00:00,768
2023-10-03T14:12:26+00:00,769
2023-10-07T20:16:54+00:00,770
2023-10-09T12:14:03+00:00,771
2023-10-11T08:01:20+00:00,772
2023-10-11T08:56:21+00:00,773
2023-10-12T08:00:49+00:00,774
2023-10-12T17:59:35+00:00,775
2023-10-12T19:41:35+00:00,776
2023-10-13T08:55:12+00:00,777
2023-10-13T21:15:48+00:00,778
2023-10-13T22:11:25+00:00,779
2023-10-15T16:54:12+00:00,780
2023-10-15T18:18:45+00:00,781
2023-10-16T08:17:53+00:00,782
2023-10-16T09:41:53+00:00,783
2023-10-16T10:31:12+00:00,784
2023-10-16T10:37:43+00:00,785
2023-10-16T15:16:32+00:00,786
2023-10-16T16:05:10+00:00,787
2023-10-16T16:24:09+00:00,788
2023-10-17T10:37:37+00:00,789
2023-10-17T14:39:55+00:00,790
2023-10-17T15:26:32+00:00,791
2023-10-17T15:35:04+00:00,792
2023-10-17T15:41:27+00:00,793
2023-10-17T16:26:18+00:00,794
2023-10-19T08:56:55+00:00,795
2023-10-19T14:38:27+00:00,796
2023-10-19T14:42:55+00:00,797
2023-10-19T20:07:51+00:00,798
2023-10-22T17:20:14+00:00,799
2023-10-23T11:00:01+00:00,800
2023-10-25T17:00:06+00:00,801
2023-10-27T11:32:38+00:00,802
2023-10-27T14:54:22+00:00,803
2023-10-30T10:22:17+00:00,804
2023-10-31T23:12:27+00:00,805
2023-11-03T12:03:01+00:00,806
2023-11-06T14:21:52+00:00,807
2023-11-07T17:32:55+00:00,808
2023-11-09T14:22:30+00:00,809
2023-11-09T16:45:50+00:00,810
2023-11-09T22:34:12+00:00,811
2023-11-10T10:13:05+00:00,812
2023-11-10T20:47:12+00:00,813
2023-11-10T20:57:21+00:00,814
2023-11-14T09:59:25+00:00,815
2023-11-14T11:26:55+00:00,816
2023-11-14T11:33:46+00:00,817
2023-11-15T12:31:03+00:00,818
2023-11-15T15:07:31+00:00,819
2023-11-15T17:24:24+00:00,820
2023-11-16T14:11:52+00:00,821
2023-11-17T12:03:53+00:00,822
2023-11-17T14:22:27+00:00,823
2023-11-17T14:29:34+00:00,824
2023-11-17T14:35:19+00:00,825
2023-11-17T14:36:08+00:00,826
2023-11-17T18:27:00+00:00,827
2023-11-20T14:51:11+00:00,828
2023-11-21T13:31:49+00:00,829
2023-11-22T09:18:12+00:00,830
2023-11-22T15:58:37+00:00,831
2023-11-29T10:37:51+00:00,832
2023-12-01T12:46:08+00:00,833
2023-12-01T21:42:19+00:00,834
2023-12-01T22:20:10+00:00,835
2023-12-04T14:05:50+00:00,836
2023-12-04T14:26:04+00:00,837
2023-12-04T16:38:37+00:00,838
2023-12-04T16:44:01+00:00,839
2023-12-04T17:13:02+00:00,840
2023-12-04T17:45:52+00:00,841
2023-12-06T08:37:08+00:00,842
2023-12-12T11:56:45+00:00,843
2023-12-12T14:14:09+00:00,844
2023-12-12T16:07:03+00:00,845
2023-12-12T16:08:00+00:00,846
2023-12-13T17:16:09+00:00,847
2023-12-13T22:41:56+00:00,848
2023-12-13T23:47:59+00:00,849
2023-12-14T00:03:12+00:00,850
2023-12-14T00:10:48+00:00,851
2023-12-14T14:00:04+00:00,852
2023-12-15T10:50:23+00:00,853
2023-12-15T11:02:16+00:00,854
2023-12-15T16:48:01+00:00,855
2023-12-17T23:40:25+00:00,856
2023-12-18T08:30:47+00:00,857
2023-12-18T09:15:05+00:00,858
2023-12-18T09:32:01+00:00,859
2023-12-18T09:34:29+00:00,860
2023-12-18T09:57:47+00:00,861
2023-12-18T10:02:30+00:00,862
2023-12-18T11:21:51+00:00,863
2023-12-18T16:20:27+00:00,864
2023-12-19T09:34:03+00:00,865
2023-12-19T12:52:28+00:00,866
2023-12-27T19:34:14+00:00,867
2023-12-28T00:18:59+00:00,868
2023-12-28T19:34:04+00:00,869
2023-12-29T21:48:07+00:00,870
2024-01-03T14:15:48+00:00,871
2024-01-05T10:59:39+00:00,872
2024-01-05T23:11:31+00:00,873
2024-01-08T08:55:33+00:00,874
2024-01-11T09:16:45+00:00,875
2024-01-11T09:51:57+00:00,876
2024-01-16T08:27:37+00:00,877
2024-01-19T18:10:15+00:00,878
2024-01-19T22:39:43+00:00,879
2024-01-22T09:35:57+00:00,880
2024-01-22T14:55:41+00:00,881
2024-01-23T16:25:45+00:00,882
2024-01-23T16:43:43+00:00,883
2024-01-23T17:44:27+00:00,884
2024-01-24T11:01:04+00:00,885
2024-01-24T14:33:57+00:00,886
2024-01-24T20:17:05+00:00,887
2024-01-24T23:19:17+00:00,888
2024-01-30T22:59:44+00:00,889
2024-01-31T18:46:59+00:00,890
2024-02-01T13:48:35+00:00,891
2024-02-01T13:51:16+00:00,892
2024-02-06T17:34:14+00:00,893
2024-02-06T17:52:47+00:00,894
2024-02-07T23:45:08+00:00,895
2024-02-08T02:09:05+00:00,896
2024-02-08T02:22:33+00:00,897
2024-02-08T14:28:32+00:00,898
2024-02-08T14:38:24+00:00,899
2024-02-08T17:20:30+00:00,900
2024-02-08T17:24:46+00:00,901
2024-02-09T19:20:24+00:00,902
2024-02-09T20:38:15+00:00,903
2024-02-09T21:13:16+00:00,904
2024-02-12T09:31:02+00:00,905
2024-02-12T10:02:10+00:00,906
2024-02-12T10:35:25+00:00,907
2024-02-12T11:09:23+00:00,908
2024-02-12T12:00:18+00:00,909
2024-02-12T12:33:18+00:00,910
2024-02-12T12:39:13+00:00,911
2024-02-12T13:04:40+00:00,912
2024-02-12T16:47:07+00:00,913
2024-02-12T21:03:16+00:00,914
2024-02-13T11:13:15+00:00,915
2024-02-13T12:17:37+00:00,916
2024-02-15T08:22:29+00:00,917
2024-02-15T10:10:21+00:00,918
2024-02-15T17:14:38+00:00,919
2024-02-15T19:43:23+00:00,920
2024-02-15T19:46:05+00:00,921
2024-02-15T23:01:20+00:00,922
2024-02-16T15:16:46+00:00,923
2024-02-18T06:09:58+00:00,924
2024-02-18T16:03:15+00:00,925
2024-02-18T17:06:26+00:00,926
2024-02-18T18:11:37+00:00,927
2024-02-18T18:59:24+00:00,928
2024-02-18T19:21:21+00:00,929
2024-02-18T19:33:28+00:00,930
2024-02-18T21:25:55+00:00,931
2024-02-18T22:13:10+00:00,932
2024-02-20T13:44:26+00:00,933
2024-02-20T20:06:30+00:00,934
2024-02-20T20:55:25+00:00,935
2024-02-21T17:06:18+00:00,936
2024-02-22T14:19:20+00:00,937
2024-02-22T17:16:41+00:00,938
2024-02-23T10:23:41+00:00,939
2024-02-23T10:35:04+00:00,940
2024-02-23T10:35:08+00:00,941
2024-02-23T11:05:18+00:00,942
2024-02-23T13:46:02+00:00,943
2024-02-23T21:23:30+00:00,944
2024-02-25T20:21:28+00:00,945
2024-02-25T20:25:46+00:00,946
2024-02-25T20:30:16+00:00,947
2024-02-25T21:23:55+00:00,948
2024-02-26T10:07:06+00:00,949
2024-02-26T10:42:51+00:00,950
2024-02-26T11:21:43+00:00,951
2024-02-26T11:51:35+00:00,952
2024-02-26T11:53:47+00:00,953
2024-02-27T17:15:00+00:00,954
2024-02-27T20:15:35+00:00,955
2024-02-27T20:40:04+00:00,956
2024-02-27T21:23:46+00:00,957
2024-02-28T00:18:14+00:00,958
2024-02-28T09:29:02+00:00,959
2024-02-28T10:13:07+00:00,960
2024-02-28T11:48:01+00:00,961
2024-02-28T13:27:46+00:00,962
2024-02-28T13:38:29+00:00,963
2024-02-28T13:59:25+00:00,964
2024-02-28T14:08:39+00:00,965
2024-02-28T14:09:20+00:00,966
2024-02-29T13:17:34+00:00,967
2024-02-29T14:05:11+00:00,968
2024-02-29T18:10:06+00:00,969
2024-02-29T19:41:57+00:00,970
2024-02-29T20:00:01+00:00,971
2024-02-29T22:04:12+00:00,972
2024-03-03T20:24:29+00:00,973
2024-03-04T00:41:40+00:00,974
2024-03-04T11:20:16+00:00,975
2024-03-05T12:00:07+00:00,976
2024-03-06T09:16:17+00:00,977
2024-03-06T11:09:15+00:00,978
2024-03-06T14:54:05+00:00,979
2024-03-06T21:46:32+00:00,980
2024-03-08T12:33:49+00:00,981
2024-03-08T19:04:17+00:00,982
2024-03-08T19:25:23+00:00,983
2024-03-08T20:24:51+00:00,984
2024-03-10T19:00:29+00:00,985
2024-03-10T20:50:04+00:00,986
2024-03-10T21:21:37+00:00,987
2024-03-15T16:00:43+00:00,988
2024-03-18T17:04:29+00:00,989
2024-03-18T17:11:52+00:00,990
2024-03-19T15:08:46+00:00,991
2024-03-19T16:46:03+00:00,992
2024-03-19T17:05:22+00:00,993
2024-03-19T18:45:32+00:00,994
2024-03-20T21:50:30+00:00,995
2024-03-21T15:30:52+00:00,996
2024-03-21T15:54:27+00:00,997
2024-03-21T16:52:13+00:00,998
2024-03-21T18:16:36+00:00,999
2024-03-21T20:36:16+00:00,1000
2024-03-23T18:01:11+00:00,1001
2024-03-25T11:26:44+00:00,1002
2024-03-25T13:00:05+00:00,1003
2024-03-28T15:08:42+00:00,1004
2024-03-28T15:40:30+00:00,1005
2024-04-05T11:20:57+00:00,1006
2024-04-06T17:16:16+00:00,1007
2024-04-09T15:03:50+00:00,1008
2024-04-09T16:28:45+00:00,1009
2024-04-09T16:36:03+00:00,1010
2024-04-15T09:01:53+00:00,1011
2024-04-15T09:23:55+00:00,1012
2024-04-15T11:29:59+00:00,1013
2024-04-15T14:34:09+00:00,1014
2024-04-15T15:27:32+00:00,1015
2024-04-15T17:01:03+00:00,1016
2024-04-15T20:24:25+00:00,1017
2024-04-16T14:59:41+00:00,1018
2024-04-17T09:10:38+00:00,1019
2024-04-17T12:52:59+00:00,1020
2024-04-17T16:25:40+00:00,1021
2024-04-18T10:12:23+00:00,1022
2024-04-23T09:16:59+00:00,1023
2024-04-23T16:34:41+00:00,1024
2024-04-24T09:09:36+00:00,1025
2024-04-24T09:22:44+00:00,1026
2024-04-24T09:34:37+00:00,1027
2024-04-24T12:50:38+00:00,1028
2024-04-24T13:28:30+00:00,1029
2024-04-26T12:23:47+00:00,1030
2024-04-27T08:29:28+00:00,1031
2024-04-27T11:32:36+00:00,1032
2024-04-29T10:14:47+00:00,1033
2024-04-29T10:25:38+00:00,1034
2024-04-30T07:06:07+00:00,1035
2024-04-30T09:36:36+00:00,1036
2024-05-01T21:04:51+00:00,1037
2024-05-02T00:42:27+00:00,1038
2024-05-02T01:01:10+00:00,1039
2024-05-02T07:41:33+00:00,1040
2024-05-03T04:34:09+00:00,1041
2024-05-03T21:57:47+00:00,1042
2024-05-04T12:01:40+00:00,1043
2024-05-06T15:19:30+00:00,1044
2024-05-06T17:56:24+00:00,1045
2024-05-06T19:18:18+00:00,1046
2024-05-07T11:39:33+00:00,1047
2024-05-07T11:42:22+00:00,1048
2024-05-08T13:07:50+00:00,1049
2024-05-08T15:09:48+00:00,1050
2024-05-08T18:06:49+00:00,1051
2024-05-08T18:51:49+00:00,1052
2024-05-09T09:51:27+00:00,1053
2024-05-09T21:39:49+00:00,1054
2024-05-10T11:54:10+00:00,1055
2024-05-10T13:47:29+00:00,1056
2024-05-12T23:04:04+00:00,1057
2024-05-13T10:20:44+00:00,1058
2024-05-13T16:00:42+00:00,1059
2024-05-13T21:36:50+00:00,1060
2024-05-14T09:25:13+00:00,1061
2024-05-15T11:21:11+00:00,1062
2024-05-15T12:31:11+00:00,1063
2024-05-15T13:54:57+00:00,1064
2024-05-15T15:15:42+00:00,1065
2024-05-15T21:02:02+00:00,1066
2024-05-17T09:14:45+00:00,1067
2024-05-17T09:18:24+00:00,1068
2024-05-17T09:20:37+00:00,1069
2024-05-17T10:14:32+00:00,1070
2024-05-17T10:48:42+00:00,1071
2024-05-17T11:06:59+00:00,1072
2024-05-17T14:17:34+00:00,1073
2024-05-17T15:43:19+00:00,1074
2024-05-17T19:17:35+00:00,1075
2024-05-20T14:50:30+00:00,1076
2024-05-23T19:01:00+00:00,1077
2024-05-28T06:24:56+00:00,1078
2024-05-28T06:41:46+00:00,1079
2024-05-30T17:22:14+00:00,1080
2024-05-30T17:25:09+00:00,1081
2024-05-30T18:37:21+00:00,1082
2024-05-30T18:40:05+00:00,1083
2024-05-30T20:21:00+00:00,1084
2024-05-31T16:49:44+00:00,1085
2024-05-31T17:02:22+00:00,1086
2024-05-31T17:59:32+00:00,1087
2024-05-31T18:16:42+00:00,1088
2024-05-31T18:26:37+00:00,1089
2024-05-31T21:07:29+00:00,1090
2024-06-02T02:22:22+00:00,1091
2024-06-05T19:57:13+00:00,1092
2024-06-05T21:42:02+00:00,1093
2024-06-06T15:59:38+00:00,1094
2024-06-07T19:34:05+00:00,1095
2024-06-09T13:30:25+00:00,1096
2024-06-11T16:22:36+00:00,1097
2024-06-12T20:42:17+00:00,1098
2024-06-12T20:45:32+00:00,1099
2024-06-12T21:02:16+00:00,1100
2024-06-13T20:40:31+00:00,1101
2024-06-13T20:47:21+00:00,1102
2024-06-13T20:58:38+00:00,1103
2024-06-15T15:48:45+00:00,1104
2024-06-18T07:35:57+00:00,1105
2024-06-18T08:22:19+00:00,1106
2024-06-19T12:39:59+00:00,1107
2024-06-19T12:52:13+00:00,1108
2024-06-19T13:17:51+00:00,1109
2024-06-19T13:54:21+00:00,1110
2024-06-19T15:22:36+00:00,1111
2024-06-19T15:26:05+00:00,1112
2024-06-19T16:19:00+00:00,1113
2024-06-19T21:12:38+00:00,1114
2024-06-19T21:14:36+00:00,1115
2024-06-21T13:24:51+00:00,1116
2024-06-21T14:38:45+00:00,1117
2024-06-21T18:32:51+00:00,1118
2024-06-22T12:10:04+00:00,1119
2024-06-22T13:21:10+00:00,1120
2024-06-22T13:27:25+00:00,1121
2024-06-24T06:50:41+00:00,1122
2024-06-24T11:26:09+00:00,1123
2024-06-24T14:12:05+00:00,1124
2024-06-24T17:15:36+00:00,1125
2024-06-25T09:32:46+00:00,1126
2024-06-25T11:31:47+00:00,1127
2024-06-25T11:46:54+00:00,1128
2024-06-25T14:41:49+00:00,1129
2024-06-25T20:19:17+00:00,1130
2024-06-26T11:17:48+00:00,1131
2024-06-26T19:37:55+00:00,1132
2024-07-01T19:47:15+00:00,1133
2024-07-01T23:04:20+00:00,1134
2024-07-01T23:23:56+00:00,1135
2024-07-03T09:01:41+00:00,1136
2024-07-03T13:05:16+00:00,1137
2024-07-03T23:00:16+00:00,1138
2024-07-04T10:32:38+00:00,1139
2024-07-04T11:07:35+00:00,1140
2024-07-04T22:52:52+00:00,1141
2024-07-04T23:04:04+00:00,1142
2024-07-05T14:02:17+00:00,1143
2024-07-08T11:11:24+00:00,1144
2024-07-08T19:44:14+00:00,1145
2024-07-09T17:25:30+00:00,1146
2024-07-09T17:29:00+00:00,1147
2024-07-09T17:30:20+00:00,1148
2024-07-09T17:49:25+00:00,1149
2024-07-09T18:03:10+00:00,1150
2024-07-10T13:17:14+00:00,1151
2024-07-12T15:02:07+00:00,1152
2024-07-14T15:52:48+00:00,1153
2024-07-16T12:25:19+00:00,1154
2024-07-16T13:56:57+00:00,1155
2024-07-17T13:56:44+00:00,1156
2024-07-18T13:13:29+00:00,1157
2024-07-19T09:23:41+00:00,1158
2024-07-19T09:25:20+00:00,1159
2024-07-20T15:24:20+00:00,1160
2024-07-21T12:42:08+00:00,1161
2024-07-21T13:30:37+00:00,1162
2024-07-21T14:43:13+00:00,1163
2024-07-21T15:24:42+00:00,1164
2024-07-21T22:55:32+00:00,1165
2024-07-23T13:31:37+00:00,1166
2024-07-23T14:02:04+00:00,1167
2024-07-23T14:03:26+00:00,1168
2024-07-24T09:12:08+00:00,1169
2024-07-25T10:32:53+00:00,1170
2024-07-25T21:24:06+00:00,1171
2024-07-25T22:28:49+00:00,1172
2024-07-26T10:20:31+00:00,1173
2024-07-26T10:52:07+00:00,1174
2024-07-29T14:53:06+00:00,1175
2024-07-30T16:54:05+00:00,1176
2024-08-01T15:18:49+00:00,1177
2024-08-01T16:08:15+00:00,1178
2024-08-02T12:00:04+00:00,1179
2024-08-02T15:40:21+00:00,1180
2024-08-03T19:01:35+00:00,1181
2024-08-04T11:22:50+00:00,1182
2024-08-04T20:01:04+00:00,1183
2024-08-05T09:25:55+00:00,1184
2024-08-05T10:56:48+00:00,1185
2024-08-05T12:44:52+00:00,1186
2024-08-05T14:46:47+00:00,1187
2024-08-08T16:25:18+00:00,1188
2024-08-08T22:23:33+00:00,1189
2024-08-09T15:17:06+00:00,1190
2024-08-09T16:34:09+00:00,1191
2024-08-10T05:08:55+00:00,1192
2024-08-10T11:43:12+00:00,1193
2024-08-10T14:25:36+00:00,1194
2024-08-12T09:12:01+00:00,1195
2024-08-12T10:59:31+00:00,1196
2024-08-12T16:19:07+00:00,1197
2024-08-12T16:38:21+00:00,1198
2024-08-13T00:12:33+00:00,1199
2024-08-13T12:28:24+00:00,1200
2024-08-13T14:15:51+00:00,1201
2024-08-14T13:01:07+00:00,1202
2024-08-14T23:46:57+00:00,1203
2024-08-15T00:08:30+00:00,1204
2024-08-15T10:10:05+00:00,1205
2024-08-15T11:57:48+00:00,1206
2024-08-17T12:58:01+00:00,1207
2024-08-17T17:18:08+00:00,1208
2024-08-18T13:15:29+00:00,1209
2024-08-18T13:52:58+00:00,1210
2024-08-18T14:15:03+00:00,1211
2024-08-18T14:40:42+00:00,1212
2024-08-18T15:38:52+00:00,1213
2024-08-19T16:17:15+00:00,1214
2024-08-19T21:55:07+00:00,1215
2024-08-20T10:10:38+00:00,1216
2024-08-20T10:47:51+00:00,1217
2024-08-20T11:10:40+00:00,1218
2024-08-20T14:15:34+00:00,1219
2024-08-20T14:21:04+00:00,1220
2024-08-20T17:54:51+00:00,1221
2024-08-21T11:45:27+00:00,1222
2024-08-23T13:58:47+00:00,1223
2024-08-29T10:27:23+00:00,1224
2024-09-03T23:44:15+00:00,1225
2024-09-04T21:25:34+00:00,1226
2024-09-04T23:15:51+00:00,1227
2024-09-05T01:05:41+00:00,1228
2024-09-05T01:26:50+00:00,1229
2024-09-05T10:59:50+00:00,1230
2024-09-05T11:23:09+00:00,1231
2024-09-05T12:33:40+00:00,1232
2024-09-05T13:49:52+00:00,1233
2024-09-05T13:59:09+00:00,1234
2024-09-05T15:09:08+00:00,1235
2024-09-06T16:27:40+00:00,1236
2024-09-07T15:40:13+00:00,1237
2024-09-07T15:53:48+00:00,1238
2024-09-08T15:37:53+00:00,1239
2024-09-08T16:04:22+00:00,1240
2024-09-09T12:39:20+00:00,1241
2024-09-10T13:55:19+00:00,1242
2024-09-11T11:30:54+00:00,1243
2024-09-11T20:32:22+00:00,1244
2024-09-13T10:40:50+00:00,1245
2024-09-13T14:51:33+00:00,1246
2024-09-13T16:28:59+00:00,1247
2024-09-13T17:24:03+00:00,1248
2024-09-14T12:39:38+00:00,1249
2024-09-14T12:58:53+00:00,1250
2024-09-14T13:22:53+00:00,1251
2024-09-14T15:30:14+00:00,1252
2024-09-15T11:46:10+00:00,1253
2024-09-15T14:03:31+00:00,1254
2024-09-15T14:17:25+00:00,1255
2024-09-15T16:54:39+00:00,1256
2024-09-16T08:11:52+00:00,1257
2024-09-16T11:03:49+00:00,1258
2024-09-16T13:47:22+00:00,1259
2024-09-16T17:26:02+00:00,1260
2024-09-17T08:25:41+00:00,1261
2024-09-17T15:40:08+00:00,1262
2024-09-17T16:00:00+00:00,1263
2024-09-18T09:58:51+00:00,1264
2024-09-18T12:58:38+00:00,1265
2024-09-22T11:14:29+00:00,1266
2024-09-22T11:16:29+00:00,1267
2024-09-23T08:20:29+00:00,1268
2024-09-23T08:21:39+00:00,1269
2024-09-23T18:13:01+00:00,1270
2024-09-26T09:58:38+00:00,1271
2024-09-26T10:38:01+00:00,1272
2024-09-26T11:29:29+00:00,1273
2024-09-26T12:42:28+00:00,1274
2024-09-27T13:37:19+00:00,1275
2024-09-27T15:27:46+00:00,1276
2024-09-27T15:33:26+00:00,1277
2024-09-27T17:51:15+00:00,1278
2024-09-27T17:53:56+00:00,1279
2024-09-30T09:39:00+00:00,1280
2024-09-30T12:45:55+00:00,1281
2024-09-30T13:08:26+00:00,1282
2024-09-30T16:05:02+00:00,1283
2024-09-30T22:51:47+00:00,1284
2024-09-30T23:03:15+00:00,1285
2024-10-01T08:02:59+00:00,1286
2024-10-01T09:40:28+00:00,1287
2024-10-01T17:29:10+00:00,1288
2024-10-01T20:43:19+00:00,1289
2024-10-02T18:02:16+00:00,1290
2024-10-02T22:54:10+00:00,1291
2024-10-03T09:57:57+00:00,1292
2024-10-07T17:35:12+00:00,1293
2024-10-09T13:19:13+00:00,1294
2024-10-09T13:32:20+00:00,1295
2024-10-09T15:27:00+00:00,1296
2024-10-09T15:52:56+00:00,1297
2024-10-09T19:15:41+00:00,1298
2024-10-16T11:47:06+00:00,1299
2024-10-16T20:11:02+00:00,1300
2024-10-16T22:08:28+00:00,1301
2024-10-18T22:43:31+00:00,1302
2024-10-20T17:41:37+00:00,1303
2024-10-21T19:18:53+00:00,1304
2024-10-25T10:04:47+00:00,1305
2024-10-25T21:21:31+00:00,1306
2024-10-27T13:54:29+00:00,1307
2024-10-27T14:04:51+00:00,1308
2024-10-27T14:09:22+00:00,1309
2024-10-28T14:06:50+00:00,1310
2024-10-28T15:06:07+00:00,1311
2024-10-30T14:02:10+00:00,1312
2024-10-31T11:37:18+00:00,1313
2024-10-31T13:47:43+00:00,1314
2024-11-08T18:28:02+00:00,1315
2024-11-11T09:51:23+00:00,1316
2024-11-11T17:48:59+00:00,1317
2024-11-11T17:50:56+00:00,1318
2024-11-12T00:57:13+00:00,1319
2024-11-13T10:05:02+00:00,1320
2024-11-13T18:16:32+00:00,1321
2024-11-15T11:27:41+00:00,1322
2024-11-15T16:15:36+00:00,1323
2024-11-18T10:35:09+00:00,1324
2024-11-18T12:20:02+00:00,1325
2024-11-18T16:16:05+00:00,1326
2024-11-18T18:18:32+00:00,1327
2024-11-18T18:36:14+00:00,1328
2024-11-18T19:25:11+00:00,1329
2024-11-18T19:26:39+00:00,1330
2024-11-18T22:49:20+00:00,1331
2024-11-20T12:26:21+00:00,1332
2024-11-20T13:25:24+00:00,1333
2024-11-21T00:20:01+00:00,1334
2024-11-21T12:52:50+00:00,1335
2024-11-23T13:53:13+00:00,1336
2024-11-24T12:05:07+00:00,1337
2024-11-25T14:51:55+00:00,1338
2024-11-25T15:41:21+00:00,1339
2024-11-25T22:54:49+00:00,1340
2024-11-27T18:12:35+00:00,1341
2024-11-27T23:04:03+00:00,1342
2024-11-27T23:16:04+00:00,1343
2024-12-02T10:26:44+00:00,1344
2024-12-05T00:13:03+00:00,1345
2024-12-05T11:22:32+00:00,1346
2024-12-06T10:55:12+00:00,1347
2024-12-06T13:20:30+00:00,1348
2024-12-11T11:20:10+00:00,1349
2024-12-11T11:43:23+00:00,1350
2024-12-11T22:35:21+00:00,1351
2024-12-12T14:27:07+00:00,1352
2024-12-12T17:20:21+00:00,1353
2024-12-12T20:15:15+00:00,1354
2024-12-13T00:08:46+00:00,1355
2024-12-15T16:15:29+00:00,1356
2024-12-15T17:37:26+00:00,1357
2024-12-16T11:28:47+00:00,1358
2024-12-16T16:37:41+00:00,1359
2024-12-16T21:39:11+00:00,1360
2024-12-16T21:52:51+00:00,1361
2024-12-16T23:11:31+00:00,1362
2024-12-17T00:41:04+00:00,1363
2024-12-17T11:42:16+00:00,1364
2024-12-17T16:00:03+00:00,1365
2024-12-17T16:23:55+00:00,1366
2024-12-17T17:40:09+00:00,1367
2024-12-17T20:10:35+00:00,1368
2024-12-17T21:48:31+00:00,1369
2024-12-20T22:22:07+00:00,1370
2024-12-26T22:39:30+00:00,1371
2024-12-29T22:47:39+00:00,1372
2025-01-03T13:31:56+00:00,1373
2025-01-12T21:27:00+00:00,1374
2025-01-14T01:35:41+00:00,1375
2025-01-14T12:05:02+00:00,1376
2025-01-15T10:47:29+00:00,1377
2025-01-15T12:51:09+00:00,1378
2025-01-15T23:50:24+00:00,1379
2025-01-18T20:20:26+00:00,1380
2025-01-21T20:38:21+00:00,1381
2025-01-21T22:43:32+00:00,1382
2025-01-22T13:15:54+00:00,1383
2025-01-22T16:40:25+00:00,1384
2025-01-22T17:33:15+00:00,1385
2025-01-22T17:40:41+00:00,1386
2025-01-23T09:37:23+00:00,1387
2025-01-23T13:49:05+00:00,1388
2025-01-27T11:04:48+00:00,1389
2025-01-27T12:34:08+00:00,1390
2025-01-27T15:34:42+00:00,1391
2025-01-27T20:10:02+00:00,1392
2025-01-27T20:30:20+00:00,1393
2025-01-28T13:05:31+00:00,1394
2025-01-29T12:36:45+00:00,1395
2025-01-29T16:13:30+00:00,1396
2025-01-29T19:41:55+00:00,1397
2025-01-30T11:02:50+00:00,1398
2025-01-30T21:26:10+00:00,1399
2025-01-30T21:27:43+00:00,1400
2025-02-04T18:08:45+00:00,1401
2025-02-04T19:35:18+00:00,1402
2025-02-04T21:03:32+00:00,1403
2025-02-05T16:25:24+00:00,1404
2025-02-06T21:43:24+00:00,1405
2025-02-06T23:20:32+00:00,1406
2025-02-15T05:15:19+00:00,1407
2025-02-21T07:28:11+00:00,1408
2025-02-21T08:01:39+00:00,1409
2025-02-21T08:30:37+00:00,1410
2025-02-21T14:36:39+00:00,1411
2025-02-21T14:38:22+00:00,1412
2025-02-24T16:18:38+00:00,1413
2025-02-25T10:15:51+00:00,1414
2025-02-25T12:10:33+00:00,1415
2025-03-03T16:59:26+00:00,1416
2025-03-04T10:28:48+00:00,1417
2025-03-04T11:57:10+00:00,1418
2025-03-04T14:44:18+00:00,1419
2025-03-04T23:07:37+00:00,1420
2025-03-05T13:40:43+00:00,1421
2025-03-11T12:35:30+00:00,1422
2025-03-12T14:38:23+00:00,1423
2025-03-14T15:46:46+00:00,1424
2025-03-15T15:07:49+00:00,1425
2025-03-17T22:08:23+00:00,1426
2025-03-19T23:04:58+00:00,1427
2025-03-22T19:17:20+00:00,1428
2025-03-22T19:22:23+00:00,1429
2025-03-22T19:41:42+00:00,1430
2025-03-22T21:19:02+00:00,1431
2025-03-23T22:21:28+00:00,1432
2025-03-27T07:35:58+00:00,1433
2025-03-28T00:45:05+00:00,1434
2025-03-29T18:33:47+00:00,1435
2025-03-31T18:32:49+00:00,1436
2025-04-04T23:50:45+00:00,1437
2025-04-07T08:47:55+00:00,1438
2025-04-07T11:44:24+00:00,1439
2025-04-07T16:19:39+00:00,1440
2025-04-09T07:59:54+00:00,1441
2025-04-15T13:52:27+00:00,1442
2025-04-17T16:10:20+00:00,1443
2025-04-18T13:03:50+00:00,1444
2025-04-18T13:29:25+00:00,1445
2025-04-22T10:48:57+00:00,1446
2025-04-22T14:47:22+00:00,1447
2025-04-22T20:54:17+00:00,1448
2025-04-24T10:40:07+00:00,1449
2025-04-28T18:20:31+00:00,1450
2025-04-29T13:43:30+00:00,1451
2025-04-29T18:08:32+00:00,1452
2025-04-30T10:55:49+00:00,1453
2025-04-30T12:39:43+00:00,1454
2025-04-30T18:51:41+00:00,1455
2025-04-30T18:52:47+00:00,1456
2025-04-30T21:16:44+00:00,1457
2025-05-01T22:21:30+00:00,1458
2025-05-06T11:33:55+00:00,1459
2025-05-07T12:48:11+00:00,1460
2025-05-08T15:40:19+00:00,1461
2025-05-09T09:00:24+00:00,1462
2025-05-12T18:15:47+00:00,1463
2025-05-13T08:25:15+00:00,1464
2025-05-13T18:13:22+00:00,1465
2025-05-13T18:26:27+00:00,1466
2025-05-14T10:13:28+00:00,1467
2025-05-15T11:11:26+00:00,1468
2025-05-15T13:29:42+00:00,1469
2025-05-15T15:59:28+00:00,1470
2025-05-16T11:01:06+00:00,1471
2025-05-16T18:42:02+00:00,1472
2025-05-17T12:19:29+00:00,1473
2025-05-19T23:57:47+00:00,1474
2025-05-21T03:43:14+00:00,1475
2025-05-21T17:13:23+00:00,1476
2025-05-22T08:00:05+00:00,1477
2025-05-27T19:57:14+00:00,1478
2025-05-27T22:35:36+00:00,1479
2025-05-30T12:29:54+00:00,1480
2025-05-30T19:40:50+00:00,1481
2025-05-31T00:11:13+00:00,1482
2025-05-31T00:31:58+00:00,1483
2025-06-02T11:40:48+00:00,1484
2025-06-02T14:16:25+00:00,1485
2025-06-06T11:36:39+00:00,1486
2025-06-07T09:16:12+00:00,1487
2025-06-07T09:34:23+00:00,1488
2025-06-09T19:59:26+00:00,1489
2025-06-11T10:40:40+00:00,1490
2025-06-11T11:03:44+00:00,1491
2025-06-11T16:28:04+00:00,1492
2025-06-15T15:56:44+00:00,1493
2025-06-19T22:28:00+00:00,1494
2025-06-21T01:14:07+00:00,1495
2025-06-30T16:17:26+00:00,1496
2025-06-30T19:20:55+00:00,1497
2025-07-01T02:10:47+00:00,1498
2025-07-01T16:41:14+00:00,1499
2025-07-02T11:15:19+00:00,1500
2025-07-02T11:49:50+00:00,1501
2025-07-02T12:05:05+00:00,1502
2025-07-02T14:10:07+00:00,1503
2025-07-02T22:41:27+00:00,1504
2025-07-03T08:17:46+00:00,1505
2025-07-03T13:58:50+00:00,1506
2025-07-04T14:49:59+00:00,1507
2025-07-05T13:39:16+00:00,1508
2025-07-05T13:54:33+00:00,1509
2025-07-05T14:14:44+00:00,1510
2025-07-05T14:22:30+00:00,1511
2025-07-05T22:09:47+00:00,1512
2025-07-06T12:30:08+00:00,1513
2025-07-07T18:36:03+00:00,1514
2025-07-09T10:16:45+00:00,1515
2025-07-11T14:29:13+00:00,1516
2025-07-21T11:58:56+00:00,1517
2025-07-22T21:29:11+00:00,1518
2025-07-23T18:53:17+00:00,1519
2025-07-28T08:20:10+00:00,1520
2025-07-28T21:18:27+00:00,1521
2025-07-29T17:38:04+00:00,1522
2025-07-30T16:23:53+00:00,1523
2025-07-30T17:35:53+00:00,1524
2025-07-31T16:18:04+00:00,1525
2025-07-31T23:01:58+00:00,1526
2025-08-16T16:38:16+00:00,1527
2025-08-16T16:52:02+00:00,1528
2025-08-18T18:48:03+00:00,1529
2025-08-19T09:09:38+00:00,1530
2025-08-19T10:03:29+00:00,1531
2025-08-19T10:12:29+00:00,1532
2025-08-19T10:22:52+00:00,1533
2025-08-19T10:31:34+00:00,1534
2025-08-19T11:02:37+00:00,1535
2025-08-19T12:58:11+00:00,1536
2025-08-19T13:16:32+00:00,1537
2025-08-19T14:02:29+00:00,1538
2025-08-21T13:37:23+00:00,1539
2025-08-22T09:23:31+00:00,1540
2025-08-22T10:43:58+00:00,1541
2025-08-27T12:41:31+00:00,1542
2025-08-27T13:31:47+00:00,1543
2025-08-29T12:42:38+00:00,1544
2025-08-29T13:00:00+00:00,1545
2025-08-29T14:59:36+00:00,1546
2025-09-02T15:55:35+00:00,1547
2025-09-02T20:56:53+00:00,1548
2025-09-02T20:57:03+00:00,1549
2025-09-02T21:18:39+00:00,1550
2025-09-03T13:52:43+00:00,1551
2025-09-03T21:44:05+00:00,1552
2025-09-04T15:22:33+00:00,1553
2025-09-05T08:33:59+00:00,1554
2025-09-05T08:51:10+00:00,1555
2025-09-05T10:46:37+00:00,1556
2025-09-05T11:29:06+00:00,1557
2025-09-05T11:31:39+00:00,1558
2025-09-08T14:20:28+00:00,1559
2025-09-08T19:54:34+00:00,1560
2025-09-09T12:37:43+00:00,1561
2025-09-09T16:13:19+00:00,1562
2025-09-12T16:25:05+00:00,1563
2025-09-15T18:52:04+00:00,1564
2025-09-16T10:19:26+00:00,1565
2025-09-16T16:19:27+00:00,1566
