date,cumulative_issues_created
2015-08-06T16:36:54+00:00,1
2015-08-06T16:38:26+00:00,2
2015-08-06T16:47:43+00:00,3
2015-08-20T10:50:25+00:00,4
2015-08-28T09:03:19+00:00,5
2015-09-01T08:25:23+00:00,6
2015-09-01T09:42:40+00:00,7
2015-09-01T12:44:40+00:00,8
2015-09-02T09:40:37+00:00,9
2015-09-02T12:30:31+00:00,10
2015-09-07T12:16:51+00:00,11
2015-09-07T12:18:17+00:00,12
2015-09-07T19:03:35+00:00,13
2015-09-07T20:11:02+00:00,14
2015-09-10T12:38:29+00:00,15
2015-09-10T15:55:38+00:00,16
2015-09-11T09:40:48+00:00,17
2015-09-11T17:20:38+00:00,18
2015-09-14T09:59:27+00:00,19
2015-09-14T10:01:56+00:00,20
2015-09-15T13:29:56+00:00,21
2015-09-15T16:39:27+00:00,22
2015-09-17T14:56:52+00:00,23
2015-09-18T14:27:10+00:00,24
2015-09-18T14:44:36+00:00,25
2015-09-20T17:53:48+00:00,26
2015-09-21T09:25:38+00:00,27
2015-09-21T15:01:01+00:00,28
2015-09-22T11:20:11+00:00,29
2015-09-23T14:37:24+00:00,30
2015-09-23T14:38:23+00:00,31
2015-09-23T14:38:47+00:00,32
2015-09-23T14:40:02+00:00,33
2015-09-24T08:38:39+00:00,34
2015-09-25T13:03:27+00:00,35
2015-09-26T09:08:26+00:00,36
2015-09-27T13:42:06+00:00,37
2015-09-29T13:21:43+00:00,38
2015-09-29T14:47:14+00:00,39
2015-09-30T15:10:46+00:00,40
2015-09-30T15:22:20+00:00,41
2015-09-30T15:24:29+00:00,42
2015-09-30T15:39:29+00:00,43
2015-09-30T15:40:27+00:00,44
2015-09-30T15:41:57+00:00,45
2015-09-30T17:30:49+00:00,46
2015-10-05T14:59:54+00:00,47
2015-10-08T10:41:34+00:00,48
2015-10-13T13:16:49+00:00,49
2015-10-13T14:38:06+00:00,50
2015-10-14T11:32:24+00:00,51
2015-10-16T08:25:54+00:00,52
2015-10-16T10:29:05+00:00,53
2015-10-16T11:58:18+00:00,54
2015-10-16T12:10:55+00:00,55
2015-10-16T17:51:51+00:00,56
2015-10-16T17:57:36+00:00,57
2015-10-19T14:38:10+00:00,58
2015-10-19T14:57:00+00:00,59
2015-10-22T16:44:10+00:00,60
2015-10-27T11:07:02+00:00,61
2015-10-28T12:22:09+00:00,62
2015-10-28T17:19:20+00:00,63
2015-10-30T08:52:24+00:00,64
2015-10-30T08:55:45+00:00,65
2015-10-30T09:05:50+00:00,66
2015-10-30T09:13:10+00:00,67
2015-10-30T09:17:13+00:00,68
2015-11-02T17:18:38+00:00,69
2015-11-03T14:18:49+00:00,70
2015-11-03T14:19:54+00:00,71
2015-11-03T14:20:56+00:00,72
2015-11-03T14:21:20+00:00,73
2015-11-03T14:21:50+00:00,74
2015-11-03T14:22:22+00:00,75
2015-11-03T14:23:24+00:00,76
2015-11-04T08:55:12+00:00,77
2015-11-04T16:20:38+00:00,78
2015-11-05T12:12:02+00:00,79
2015-11-08T23:00:48+00:00,80
2015-11-08T23:06:11+00:00,81
2015-11-10T14:36:42+00:00,82
2015-11-10T14:41:43+00:00,83
2015-11-12T14:03:42+00:00,84
2015-11-12T15:20:37+00:00,85
2015-11-13T10:11:30+00:00,86
2015-11-13T10:13:01+00:00,87
2015-11-13T17:00:11+00:00,88
2015-11-13T17:01:26+00:00,89
2015-11-17T08:39:19+00:00,90
2015-11-18T11:11:53+00:00,91
2015-11-18T17:08:43+00:00,92
2015-11-25T13:41:24+00:00,93
2015-12-04T04:21:40+00:00,94
2015-12-08T10:20:06+00:00,95
2015-12-08T10:36:02+00:00,96
2015-12-09T08:30:38+00:00,97
2015-12-09T08:32:35+00:00,98
2015-12-09T09:21:11+00:00,99
2015-12-12T17:48:44+00:00,100
2015-12-14T11:45:40+00:00,101
2015-12-15T11:22:05+00:00,102
2016-01-05T12:50:37+00:00,103
2016-01-08T09:41:26+00:00,104
2016-01-08T09:55:18+00:00,105
2016-01-08T09:58:37+00:00,106
2016-01-19T05:47:59+00:00,107
2016-01-21T15:44:07+00:00,108
2016-01-27T14:10:31+00:00,109
2016-01-28T13:33:35+00:00,110
2016-02-01T16:22:11+00:00,111
2016-02-04T15:59:45+00:00,112
2016-02-08T14:04:24+00:00,113
2016-02-09T16:02:46+00:00,114
2016-02-10T09:40:37+00:00,115
2016-02-10T14:55:23+00:00,116
2016-02-10T16:04:48+00:00,117
2016-02-10T21:08:21+00:00,118
2016-02-11T15:38:07+00:00,119
2016-02-12T09:21:40+00:00,120
2016-02-16T14:48:22+00:00,121
2016-02-29T17:52:47+00:00,122
2016-03-02T10:19:14+00:00,123
2016-03-03T11:18:59+00:00,124
2016-03-07T20:32:16+00:00,125
2016-03-09T16:36:25+00:00,126
2016-03-15T08:05:33+00:00,127
2016-03-15T17:47:56+00:00,128
2016-03-15T17:49:10+00:00,129
2016-03-16T10:41:37+00:00,130
2016-03-18T09:47:33+00:00,131
2016-03-18T16:35:23+00:00,132
2016-03-21T15:47:58+00:00,133
2016-03-30T02:50:59+00:00,134
2016-04-01T06:32:46+00:00,135
2016-04-03T08:24:00+00:00,136
2016-04-04T15:35:51+00:00,137
2016-04-06T22:35:02+00:00,138
2016-04-08T13:32:50+00:00,139
2016-04-10T14:46:21+00:00,140
2016-04-15T18:32:14+00:00,141
2016-04-18T09:39:57+00:00,142
2016-04-18T13:05:42+00:00,143
2016-04-18T14:28:13+00:00,144
2016-04-18T14:51:50+00:00,145
2016-04-18T20:47:15+00:00,146
2016-04-19T09:58:02+00:00,147
2016-04-21T10:04:20+00:00,148
2016-04-26T08:06:59+00:00,149
2016-04-26T17:08:52+00:00,150
2016-04-26T17:29:58+00:00,151
2016-04-26T19:44:54+00:00,152
2016-04-26T21:49:25+00:00,153
2016-04-27T22:45:38+00:00,154
2016-04-27T23:26:04+00:00,155
2016-04-28T21:22:17+00:00,156
2016-05-03T09:11:01+00:00,157
2016-05-05T07:23:00+00:00,158
2016-05-05T13:53:53+00:00,159
2016-05-05T20:38:06+00:00,160
2016-05-06T21:51:34+00:00,161
2016-05-06T21:52:22+00:00,162
2016-05-06T21:53:36+00:00,163
2016-05-08T11:52:55+00:00,164
2016-05-10T12:38:21+00:00,165
2016-05-13T13:10:34+00:00,166
2016-05-16T15:44:35+00:00,167
2016-05-17T18:23:06+00:00,168
2016-05-18T15:43:45+00:00,169
2016-05-18T15:44:47+00:00,170
2016-05-18T15:58:39+00:00,171
2016-05-18T16:14:18+00:00,172
2016-05-21T23:42:32+00:00,173
2016-05-23T09:32:18+00:00,174
2016-05-23T11:20:28+00:00,175
2016-05-25T13:23:22+00:00,176
2016-05-26T21:25:06+00:00,177
2016-05-30T10:16:21+00:00,178
2016-05-30T10:17:33+00:00,179
2016-06-01T08:47:38+00:00,180
2016-06-01T08:48:50+00:00,181
2016-06-01T09:15:34+00:00,182
2016-06-01T17:03:49+00:00,183
2016-06-02T09:52:49+00:00,184
2016-06-02T23:04:44+00:00,185
2016-06-03T11:44:03+00:00,186
2016-06-08T07:57:55+00:00,187
2016-06-10T09:58:13+00:00,188
2016-06-19T11:03:04+00:00,189
2016-06-21T12:18:46+00:00,190
2016-06-22T13:30:30+00:00,191
2016-06-22T18:37:14+00:00,192
2016-06-23T11:55:18+00:00,193
2016-06-24T21:17:48+00:00,194
2016-06-27T05:32:37+00:00,195
2016-06-27T05:48:44+00:00,196
2016-06-28T00:44:58+00:00,197
2016-06-28T15:55:22+00:00,198
2016-07-04T10:02:56+00:00,199
2016-07-04T14:23:28+00:00,200
2016-07-04T14:39:41+00:00,201
2016-07-05T14:55:33+00:00,202
2016-07-05T16:45:49+00:00,203
2016-07-07T16:42:09+00:00,204
2016-07-07T17:33:18+00:00,205
2016-07-08T05:11:53+00:00,206
2016-07-12T20:52:55+00:00,207
2016-07-14T16:20:39+00:00,208
2016-07-20T04:14:19+00:00,209
2016-07-21T09:01:11+00:00,210
2016-07-21T09:30:58+00:00,211
2016-07-26T08:06:10+00:00,212
2016-07-27T10:00:10+00:00,213
2016-07-27T16:31:34+00:00,214
2016-07-28T12:56:45+00:00,215
2016-08-03T10:23:44+00:00,216
2016-08-05T04:40:32+00:00,217
2016-08-11T17:08:18+00:00,218
2016-08-16T07:40:06+00:00,219
2016-08-16T23:37:50+00:00,220
2016-08-16T23:49:16+00:00,221
2016-08-18T16:24:24+00:00,222
2016-08-22T22:13:33+00:00,223
2016-08-23T14:44:27+00:00,224
2016-08-23T15:08:19+00:00,225
2016-08-31T16:12:01+00:00,226
2016-09-02T07:30:16+00:00,227
2016-09-02T08:21:00+00:00,228
2016-09-06T15:05:02+00:00,229
2016-09-10T00:52:04+00:00,230
2016-09-13T14:39:14+00:00,231
2016-09-14T15:36:21+00:00,232
2016-09-15T08:46:44+00:00,233
2016-09-15T08:47:32+00:00,234
2016-09-15T11:35:25+00:00,235
2016-09-18T12:08:30+00:00,236
2016-09-20T12:27:59+00:00,237
2016-09-21T15:14:58+00:00,238
2016-09-21T15:28:05+00:00,239
2016-09-22T08:14:04+00:00,240
2016-09-22T17:49:16+00:00,241
2016-09-26T14:02:52+00:00,242
2016-09-27T17:29:43+00:00,243
2016-09-28T22:05:17+00:00,244
2016-09-29T18:45:15+00:00,245
2016-10-10T22:37:40+00:00,246
2016-10-12T15:57:58+00:00,247
2016-10-12T20:06:52+00:00,248
2016-10-13T05:32:01+00:00,249
2016-10-13T11:15:00+00:00,250
2016-10-14T15:38:04+00:00,251
2016-10-18T16:27:00+00:00,252
2016-10-19T10:41:38+00:00,253
2016-10-21T16:50:12+00:00,254
2016-10-25T16:47:18+00:00,255
2016-10-26T15:57:41+00:00,256
2016-10-30T12:28:24+00:00,257
2016-10-30T13:14:17+00:00,258
2016-10-31T09:24:01+00:00,259
2016-10-31T14:06:07+00:00,260
2016-10-31T16:15:55+00:00,261
2016-10-31T16:29:00+00:00,262
2016-11-02T15:09:51+00:00,263
2016-11-02T23:44:34+00:00,264
2016-11-03T16:13:54+00:00,265
2016-11-03T20:00:35+00:00,266
2016-11-04T12:13:02+00:00,267
2016-11-09T21:31:38+00:00,268
2016-11-14T15:05:53+00:00,269
2016-11-14T23:52:46+00:00,270
2016-11-15T09:10:01+00:00,271
2016-11-21T15:49:16+00:00,272
2016-11-23T11:57:00+00:00,273
2016-11-23T13:23:58+00:00,274
2016-11-26T18:18:19+00:00,275
2016-11-28T01:56:12+00:00,276
2016-11-28T08:56:12+00:00,277
2016-11-28T12:54:35+00:00,278
2016-11-30T13:10:11+00:00,279
2016-12-05T19:43:32+00:00,280
2016-12-06T17:47:24+00:00,281
2016-12-13T23:08:06+00:00,282
2016-12-20T16:21:32+00:00,283
2016-12-20T19:02:43+00:00,284
2016-12-21T13:37:59+00:00,285
2016-12-21T17:07:36+00:00,286
2016-12-21T17:31:27+00:00,287
2016-12-22T18:23:21+00:00,288
2016-12-26T12:02:12+00:00,289
2016-12-26T12:03:20+00:00,290
2016-12-29T06:58:11+00:00,291
2017-01-03T17:24:37+00:00,292
2017-01-03T17:26:47+00:00,293
2017-01-09T03:12:13+00:00,294
2017-01-12T05:44:06+00:00,295
2017-01-12T10:32:14+00:00,296
2017-01-18T20:13:32+00:00,297
2017-01-19T15:08:17+00:00,298
2017-01-24T08:36:41+00:00,299
2017-01-27T22:55:53+00:00,300
2017-01-30T14:45:55+00:00,301
2017-02-03T17:08:09+00:00,302
2017-02-08T18:14:58+00:00,303
2017-02-09T13:02:00+00:00,304
2017-02-10T14:45:51+00:00,305
2017-02-12T08:28:23+00:00,306
2017-02-14T20:09:10+00:00,307
2017-02-17T03:08:28+00:00,308
2017-02-20T09:08:20+00:00,309
2017-02-20T17:00:09+00:00,310
2017-02-24T09:20:19+00:00,311
2017-02-24T10:49:14+00:00,312
2017-02-24T13:18:27+00:00,313
2017-02-28T21:52:28+00:00,314
2017-03-01T10:50:43+00:00,315
2017-03-01T10:53:57+00:00,316
2017-03-01T11:53:46+00:00,317
2017-03-01T21:45:47+00:00,318
2017-03-03T07:33:08+00:00,319
2017-03-09T14:06:13+00:00,320
2017-03-09T17:05:13+00:00,321
2017-03-09T17:16:38+00:00,322
2017-03-09T21:36:17+00:00,323
2017-03-10T19:58:45+00:00,324
2017-03-18T22:26:39+00:00,325
2017-03-21T18:25:01+00:00,326
2017-03-23T10:26:24+00:00,327
2017-03-23T12:26:17+00:00,328
2017-03-23T15:06:09+00:00,329
2017-03-29T13:41:05+00:00,330
2017-03-29T15:06:44+00:00,331
2017-03-30T18:46:24+00:00,332
2017-03-31T21:58:57+00:00,333
2017-04-03T14:14:40+00:00,334
2017-04-03T14:45:58+00:00,335
2017-04-05T12:35:56+00:00,336
2017-04-05T20:49:10+00:00,337
2017-04-09T02:25:26+00:00,338
2017-04-10T09:49:34+00:00,339
2017-04-12T19:32:15+00:00,340
2017-04-12T19:35:55+00:00,341
2017-04-12T20:05:24+00:00,342
2017-04-20T10:38:24+00:00,343
2017-04-20T14:43:03+00:00,344
2017-04-20T15:13:16+00:00,345
2017-04-26T13:57:01+00:00,346
2017-05-04T14:51:47+00:00,347
2017-05-08T12:37:52+00:00,348
2017-05-10T10:16:38+00:00,349
2017-05-15T07:53:50+00:00,350
2017-05-18T15:09:58+00:00,351
2017-05-19T13:01:58+00:00,352
2017-05-22T20:29:48+00:00,353
2017-05-26T07:08:27+00:00,354
2017-05-29T15:54:46+00:00,355
2017-05-30T08:07:22+00:00,356
2017-06-01T18:41:50+00:00,357
2017-06-05T20:32:05+00:00,358
2017-06-06T09:17:34+00:00,359
2017-06-08T12:48:44+00:00,360
2017-06-12T15:17:10+00:00,361
2017-06-13T10:42:50+00:00,362
2017-06-16T06:46:04+00:00,363
2017-06-19T13:57:41+00:00,364
2017-06-19T19:23:25+00:00,365
2017-06-22T09:14:25+00:00,366
2017-06-25T00:56:59+00:00,367
2017-06-27T21:02:11+00:00,368
2017-06-28T09:19:16+00:00,369
2017-07-10T03:49:42+00:00,370
2017-07-10T12:57:42+00:00,371
2017-07-10T14:54:18+00:00,372
2017-07-10T17:17:05+00:00,373
2017-07-14T16:22:13+00:00,374
2017-07-17T13:42:31+00:00,375
2017-07-18T06:01:39+00:00,376
2017-07-18T13:28:23+00:00,377
2017-07-18T15:12:40+00:00,378
2017-07-19T10:59:37+00:00,379
2017-07-19T11:07:31+00:00,380
2017-07-19T11:11:35+00:00,381
2017-07-19T13:30:36+00:00,382
2017-07-19T20:11:26+00:00,383
2017-07-20T10:25:20+00:00,384
2017-07-20T15:02:58+00:00,385
2017-07-20T15:54:36+00:00,386
2017-07-21T07:44:01+00:00,387
2017-07-21T10:28:09+00:00,388
2017-07-21T12:26:17+00:00,389
2017-07-21T12:28:31+00:00,390
2017-07-21T13:26:38+00:00,391
2017-07-21T13:42:24+00:00,392
2017-07-24T11:59:07+00:00,393
2017-07-24T16:43:18+00:00,394
2017-07-26T17:46:21+00:00,395
2017-07-28T12:16:30+00:00,396
2017-07-31T09:34:47+00:00,397
2017-08-02T12:02:57+00:00,398
2017-08-07T10:40:31+00:00,399
2017-08-08T08:16:14+00:00,400
2017-08-09T14:43:30+00:00,401
2017-08-14T22:04:22+00:00,402
2017-08-15T14:57:18+00:00,403
2017-08-15T15:42:24+00:00,404
2017-08-16T09:21:26+00:00,405
2017-08-17T16:28:18+00:00,406
2017-08-18T08:20:53+00:00,407
2017-08-21T05:17:05+00:00,408
2017-08-22T17:35:53+00:00,409
2017-08-25T07:49:36+00:00,410
2017-08-29T14:54:51+00:00,411
2017-08-30T09:21:42+00:00,412
2017-09-05T11:54:26+00:00,413
2017-09-06T10:47:56+00:00,414
2017-09-08T12:44:37+00:00,415
2017-09-12T12:54:56+00:00,416
2017-09-12T13:26:58+00:00,417
2017-09-13T04:46:21+00:00,418
2017-09-14T04:17:32+00:00,419
2017-09-15T10:15:48+00:00,420
2017-09-18T09:26:57+00:00,421
2017-09-19T23:24:24+00:00,422
2017-09-21T03:55:59+00:00,423
2017-09-22T02:34:47+00:00,424
2017-09-25T08:26:42+00:00,425
2017-09-28T00:38:39+00:00,426
2017-10-02T08:00:10+00:00,427
2017-10-11T09:55:48+00:00,428
2017-10-13T10:55:27+00:00,429
2017-10-20T06:30:04+00:00,430
2017-10-24T15:20:44+00:00,431
2017-10-26T13:17:28+00:00,432
2017-10-27T08:22:07+00:00,433
2017-11-01T08:26:44+00:00,434
2017-11-01T18:01:00+00:00,435
2017-11-07T09:55:17+00:00,436
2017-11-08T10:10:04+00:00,437
2017-11-09T16:10:11+00:00,438
2017-11-12T18:51:57+00:00,439
2017-11-17T15:19:07+00:00,440
2017-11-24T14:38:37+00:00,441
2017-11-29T14:09:56+00:00,442
2017-11-29T16:49:06+00:00,443
2017-11-30T09:36:54+00:00,444
2017-12-04T12:55:53+00:00,445
2017-12-06T11:33:25+00:00,446
2017-12-06T14:10:32+00:00,447
2017-12-07T17:10:46+00:00,448
2017-12-07T22:32:47+00:00,449
2017-12-11T14:02:46+00:00,450
2017-12-13T06:21:35+00:00,451
2017-12-14T14:00:44+00:00,452
2017-12-14T23:53:39+00:00,453
2017-12-18T23:38:12+00:00,454
2017-12-18T23:40:40+00:00,455
2017-12-20T14:59:55+00:00,456
2018-01-03T18:11:37+00:00,457
2018-01-05T16:17:57+00:00,458
2018-01-09T08:49:39+00:00,459
2018-01-09T08:53:36+00:00,460
2018-01-09T08:55:51+00:00,461
2018-01-09T12:56:56+00:00,462
2018-01-10T21:24:40+00:00,463
2018-01-11T15:05:14+00:00,464
2018-01-12T06:25:59+00:00,465
2018-01-12T11:28:13+00:00,466
2018-01-18T01:17:48+00:00,467
2018-01-20T21:17:26+00:00,468
2018-01-23T00:33:01+00:00,469
2018-01-25T13:17:09+00:00,470
2018-01-25T18:44:08+00:00,471
2018-01-26T15:34:22+00:00,472
2018-01-28T22:30:44+00:00,473
2018-01-30T01:17:41+00:00,474
2018-02-04T23:31:21+00:00,475
2018-02-05T00:56:00+00:00,476
2018-02-06T13:13:37+00:00,477
2018-02-08T12:19:35+00:00,478
2018-02-09T06:06:39+00:00,479
2018-02-13T00:51:38+00:00,480
2018-02-13T10:20:01+00:00,481
2018-02-13T10:34:27+00:00,482
2018-02-14T13:33:19+00:00,483
2018-02-16T16:39:06+00:00,484
2018-02-21T15:52:23+00:00,485
2018-02-22T09:22:45+00:00,486
2018-02-27T16:39:50+00:00,487
2018-02-28T12:28:31+00:00,488
2018-03-02T10:41:20+00:00,489
2018-03-02T14:32:12+00:00,490
2018-03-02T15:16:55+00:00,491
2018-03-02T16:56:21+00:00,492
2018-03-05T10:37:44+00:00,493
2018-03-06T15:54:26+00:00,494
2018-03-12T10:46:01+00:00,495
2018-03-14T04:56:42+00:00,496
2018-03-21T18:28:08+00:00,497
2018-03-23T06:45:55+00:00,498
2018-03-27T21:47:20+00:00,499
2018-03-29T20:15:06+00:00,500
2018-04-04T14:39:41+00:00,501
2018-04-06T15:25:39+00:00,502
2018-04-09T19:08:40+00:00,503
2018-04-10T08:50:26+00:00,504
2018-04-10T13:52:27+00:00,505
2018-04-13T22:43:14+00:00,506
2018-04-16T11:20:42+00:00,507
2018-04-17T13:37:12+00:00,508
2018-04-17T20:40:23+00:00,509
2018-04-18T19:44:33+00:00,510
2018-04-19T09:29:19+00:00,511
2018-04-20T08:04:56+00:00,512
2018-04-20T08:24:49+00:00,513
2018-04-23T11:48:44+00:00,514
2018-04-23T12:18:17+00:00,515
2018-04-23T12:28:10+00:00,516
2018-04-27T12:35:58+00:00,517
2018-04-30T00:49:20+00:00,518
2018-05-03T13:53:46+00:00,519
2018-05-03T14:07:50+00:00,520
2018-05-03T19:55:13+00:00,521
2018-05-04T08:01:58+00:00,522
2018-05-08T13:55:32+00:00,523
2018-05-09T16:30:06+00:00,524
2018-05-11T15:22:30+00:00,525
2018-05-16T05:19:43+00:00,526
2018-05-17T05:32:14+00:00,527
2018-05-18T21:34:24+00:00,528
2018-05-24T15:40:18+00:00,529
2018-05-24T17:11:39+00:00,530
2018-05-25T08:27:16+00:00,531
2018-05-25T20:21:37+00:00,532
2018-05-29T21:28:38+00:00,533
2018-05-30T11:48:09+00:00,534
2018-06-07T23:29:09+00:00,535
2018-06-12T14:38:48+00:00,536
2018-06-12T14:40:41+00:00,537
2018-06-19T04:51:04+00:00,538
2018-06-20T20:40:45+00:00,539
2018-06-23T03:20:48+00:00,540
2018-06-23T21:49:32+00:00,541
2018-07-02T15:29:44+00:00,542
2018-07-02T22:16:14+00:00,543
2018-07-10T14:51:02+00:00,544
2018-07-11T09:51:20+00:00,545
2018-07-11T16:35:39+00:00,546
2018-07-11T22:06:23+00:00,547
2018-07-13T06:44:53+00:00,548
2018-07-13T15:03:50+00:00,549
2018-07-13T21:14:27+00:00,550
2018-07-17T10:33:29+00:00,551
2018-07-18T12:20:33+00:00,552
2018-07-24T18:41:05+00:00,553
2018-07-24T19:22:48+00:00,554
2018-07-26T13:09:54+00:00,555
2018-07-30T06:31:00+00:00,556
2018-08-06T13:37:43+00:00,557
2018-08-15T00:37:58+00:00,558
2018-08-20T15:02:17+00:00,559
2018-08-21T15:56:15+00:00,560
2018-08-22T16:21:07+00:00,561
2018-08-23T07:19:02+00:00,562
2018-08-30T15:44:25+00:00,563
2018-08-31T03:05:23+00:00,564
2018-09-03T11:02:21+00:00,565
2018-09-04T11:45:49+00:00,566
2018-09-04T16:44:48+00:00,567
2018-09-06T01:16:04+00:00,568
2018-09-08T03:13:20+00:00,569
2018-09-10T04:58:15+00:00,570
2018-09-11T09:27:12+00:00,571
2018-09-14T14:35:50+00:00,572
2018-09-14T15:04:03+00:00,573
2018-09-14T15:22:32+00:00,574
2018-09-16T12:01:46+00:00,575
2018-09-19T11:11:50+00:00,576
2018-09-24T15:47:20+00:00,577
2018-09-27T09:44:13+00:00,578
2018-10-05T03:03:28+00:00,579
2018-10-05T12:59:36+00:00,580
2018-10-11T19:57:30+00:00,581
2018-10-16T10:37:53+00:00,582
2018-10-18T15:29:52+00:00,583
2018-10-19T06:58:10+00:00,584
2018-10-19T07:20:48+00:00,585
2018-10-19T10:56:40+00:00,586
2018-10-29T23:25:54+00:00,587
2018-10-31T15:47:12+00:00,588
2018-10-31T16:53:39+00:00,589
2018-11-08T12:23:15+00:00,590
2018-11-11T20:36:33+00:00,591
2018-11-13T14:44:07+00:00,592
2018-11-16T04:08:17+00:00,593
2018-11-18T20:54:24+00:00,594
2018-11-21T20:24:41+00:00,595
2018-11-22T12:41:48+00:00,596
2018-11-26T07:49:45+00:00,597
2018-11-27T09:04:13+00:00,598
2018-11-29T11:11:59+00:00,599
2018-12-03T13:02:14+00:00,600
2018-12-03T17:36:39+00:00,601
2018-12-05T08:46:59+00:00,602
2018-12-06T10:41:57+00:00,603
2018-12-06T16:55:45+00:00,604
2018-12-07T04:30:25+00:00,605
2018-12-19T20:20:57+00:00,606
2018-12-23T15:10:26+00:00,607
2018-12-24T14:46:37+00:00,608
2019-01-07T11:20:28+00:00,609
2019-01-08T16:50:16+00:00,610
2019-01-13T23:09:37+00:00,611
2019-01-15T15:15:35+00:00,612
2019-01-16T18:03:17+00:00,613
2019-01-17T14:28:20+00:00,614
2019-01-17T14:38:52+00:00,615
2019-01-23T14:11:42+00:00,616
2019-01-24T14:06:08+00:00,617
2019-01-28T18:08:48+00:00,618
2019-01-29T14:33:08+00:00,619
2019-01-30T07:31:27+00:00,620
2019-02-04T19:38:29+00:00,621
2019-02-06T15:06:13+00:00,622
2019-02-13T17:01:24+00:00,623
2019-02-15T22:13:29+00:00,624
2019-02-24T23:01:01+00:00,625
2019-02-28T18:22:55+00:00,626
2019-03-01T10:56:04+00:00,627
2019-03-01T16:55:06+00:00,628
2019-03-02T07:39:04+00:00,629
2019-03-03T08:01:09+00:00,630
2019-03-04T11:15:39+00:00,631
2019-03-04T16:45:12+00:00,632
2019-03-05T10:51:50+00:00,633
2019-03-05T12:21:51+00:00,634
2019-03-08T13:22:22+00:00,635
2019-03-12T14:32:31+00:00,636
2019-03-12T16:27:16+00:00,637
2019-03-14T16:17:01+00:00,638
2019-03-21T15:22:15+00:00,639
2019-03-21T16:34:27+00:00,640
2019-03-26T21:07:38+00:00,641
2019-03-28T04:37:13+00:00,642
2019-03-28T09:12:04+00:00,643
2019-03-29T12:52:30+00:00,644
2019-04-01T18:19:17+00:00,645
2019-04-02T14:01:39+00:00,646
2019-04-03T13:49:12+00:00,647
2019-04-03T17:47:21+00:00,648
2019-04-04T06:34:19+00:00,649
2019-04-05T10:01:30+00:00,650
2019-04-05T20:56:41+00:00,651
2019-04-11T15:31:26+00:00,652
2019-04-12T14:25:33+00:00,653
2019-04-15T06:47:10+00:00,654
2019-04-15T19:00:52+00:00,655
2019-04-17T03:06:57+00:00,656
2019-04-17T20:35:58+00:00,657
2019-04-19T17:53:34+00:00,658
2019-04-21T09:17:50+00:00,659
2019-04-23T06:47:09+00:00,660
2019-04-24T13:22:19+00:00,661
2019-04-25T15:37:46+00:00,662
2019-05-01T13:28:01+00:00,663
2019-05-02T12:06:44+00:00,664
2019-05-02T16:51:16+00:00,665
2019-05-02T23:33:21+00:00,666
2019-05-08T03:33:42+00:00,667
2019-05-08T12:12:35+00:00,668
2019-05-10T14:06:04+00:00,669
2019-05-10T19:53:29+00:00,670
2019-05-14T19:09:39+00:00,671
2019-05-23T01:31:06+00:00,672
2019-05-23T15:25:05+00:00,673
2019-06-02T09:51:24+00:00,674
2019-06-12T19:25:49+00:00,675
2019-06-14T09:56:02+00:00,676
2019-06-27T13:38:09+00:00,677
2019-07-02T13:01:47+00:00,678
2019-07-02T20:11:24+00:00,679
2019-07-03T10:45:50+00:00,680
2019-07-03T15:45:12+00:00,681
2019-07-05T08:55:35+00:00,682
2019-07-15T06:02:01+00:00,683
2019-07-17T11:05:33+00:00,684
2019-07-18T15:40:59+00:00,685
2019-07-24T08:53:09+00:00,686
2019-07-29T12:04:45+00:00,687
2019-07-29T15:04:32+00:00,688
2019-07-30T14:15:16+00:00,689
2019-07-30T19:12:49+00:00,690
2019-08-01T20:51:29+00:00,691
2019-08-03T01:46:25+00:00,692
2019-08-08T23:00:42+00:00,693
2019-08-14T09:28:39+00:00,694
2019-08-15T12:08:36+00:00,695
2019-08-15T14:00:33+00:00,696
2019-08-27T23:30:19+00:00,697
2019-08-29T13:54:39+00:00,698
2019-09-05T15:39:06+00:00,699
2019-09-11T13:11:43+00:00,700
2019-09-16T18:43:42+00:00,701
2019-09-23T18:22:15+00:00,702
2019-09-24T07:52:31+00:00,703
2019-09-26T10:48:26+00:00,704
2019-09-26T13:46:42+00:00,705
2019-09-27T11:43:09+00:00,706
2019-09-29T00:38:43+00:00,707
2019-10-04T06:50:29+00:00,708
2019-10-07T14:24:50+00:00,709
2019-10-09T13:20:11+00:00,710
2019-10-11T15:15:45+00:00,711
2019-10-14T19:48:26+00:00,712
2019-10-18T17:33:55+00:00,713
2019-10-20T12:35:50+00:00,714
2019-10-21T09:59:20+00:00,715
2019-10-21T22:39:44+00:00,716
2019-10-22T21:27:00+00:00,717
2019-10-25T00:52:08+00:00,718
2019-10-25T13:37:45+00:00,719
2019-10-28T09:24:36+00:00,720
2019-10-28T16:26:03+00:00,721
2019-11-02T19:54:34+00:00,722
2019-11-02T23:54:04+00:00,723
2019-11-05T09:52:34+00:00,724
2019-11-05T21:21:32+00:00,725
2019-11-06T10:37:14+00:00,726
2019-11-07T16:51:47+00:00,727
2019-11-11T14:24:23+00:00,728
2019-11-13T21:33:21+00:00,729
2019-11-14T13:30:04+00:00,730
2019-11-14T23:16:41+00:00,731
2019-11-19T05:34:11+00:00,732
2019-11-19T18:46:24+00:00,733
2019-11-20T02:02:03+00:00,734
2019-11-20T07:45:09+00:00,735
2019-11-25T09:21:33+00:00,736
2019-11-26T12:25:31+00:00,737
2019-11-27T18:12:53+00:00,738
2019-11-27T21:04:12+00:00,739
2019-11-29T05:22:19+00:00,740
2019-11-29T10:23:12+00:00,741
2019-11-29T13:55:42+00:00,742
2019-12-03T12:38:34+00:00,743
2019-12-03T19:35:11+00:00,744
2019-12-04T15:03:38+00:00,745
2019-12-05T08:05:46+00:00,746
2019-12-05T13:49:48+00:00,747
2019-12-09T10:19:59+00:00,748
2019-12-11T10:58:02+00:00,749
2019-12-13T13:41:14+00:00,750
2019-12-16T03:23:43+00:00,751
2019-12-16T09:36:55+00:00,752
2019-12-16T22:54:53+00:00,753
2019-12-17T06:11:55+00:00,754
2019-12-24T13:05:50+00:00,755
2020-01-03T10:27:15+00:00,756
2020-01-07T18:12:18+00:00,757
2020-01-07T22:45:44+00:00,758
2020-01-07T22:57:22+00:00,759
2020-01-08T18:39:30+00:00,760
2020-01-09T15:10:48+00:00,761
2020-01-10T14:21:55+00:00,762
2020-01-12T03:02:38+00:00,763
2020-01-14T18:10:21+00:00,764
2020-01-29T15:52:03+00:00,765
2020-02-05T11:36:24+00:00,766
2020-02-06T19:55:13+00:00,767
2020-02-07T09:09:16+00:00,768
2020-02-13T10:04:22+00:00,769
2020-02-19T10:01:04+00:00,770
2020-02-20T20:23:22+00:00,771
2020-02-21T13:24:37+00:00,772
2020-03-05T16:13:13+00:00,773
2020-03-09T17:07:41+00:00,774
2020-03-09T19:27:59+00:00,775
2020-03-10T07:57:19+00:00,776
2020-03-10T16:12:57+00:00,777
2020-03-11T11:01:14+00:00,778
2020-03-16T15:25:31+00:00,779
2020-03-18T20:45:18+00:00,780
2020-03-27T00:51:22+00:00,781
2020-03-27T20:58:01+00:00,782
2020-03-29T02:47:08+00:00,783
2020-03-29T06:52:30+00:00,784
2020-03-29T10:37:09+00:00,785
2020-03-30T17:00:32+00:00,786
2020-03-31T08:57:23+00:00,787
2020-03-31T11:21:00+00:00,788
2020-03-31T22:01:13+00:00,789
2020-04-02T08:21:21+00:00,790
2020-04-05T10:00:13+00:00,791
2020-04-13T16:30:48+00:00,792
2020-04-14T16:13:52+00:00,793
2020-04-16T10:53:31+00:00,794
2020-04-20T21:55:59+00:00,795
2020-04-21T03:54:44+00:00,796
2020-04-22T20:08:06+00:00,797
2020-04-22T20:19:19+00:00,798
2020-04-25T11:31:48+00:00,799
2020-04-29T12:05:50+00:00,800
2020-04-29T12:42:52+00:00,801
2020-04-29T16:13:21+00:00,802
2020-04-30T07:49:29+00:00,803
2020-05-01T16:39:58+00:00,804
2020-05-04T15:06:38+00:00,805
2020-05-07T15:27:51+00:00,806
2020-05-07T15:36:48+00:00,807
2020-05-10T18:55:09+00:00,808
2020-05-11T16:01:50+00:00,809
2020-05-12T09:22:21+00:00,810
2020-05-12T14:08:57+00:00,811
2020-05-13T06:27:09+00:00,812
2020-05-13T16:25:57+00:00,813
2020-05-14T12:09:51+00:00,814
2020-05-17T06:48:08+00:00,815
2020-05-19T11:37:18+00:00,816
2020-05-21T08:20:25+00:00,817
2020-05-26T07:07:09+00:00,818
2020-05-26T09:10:42+00:00,819
2020-05-27T09:17:37+00:00,820
2020-05-27T10:25:09+00:00,821
2020-05-27T11:57:41+00:00,822
2020-05-27T15:03:01+00:00,823
2020-05-31T10:33:05+00:00,824
2020-06-02T07:22:06+00:00,825
2020-06-03T14:25:49+00:00,826
2020-06-04T06:20:09+00:00,827
2020-06-08T08:46:50+00:00,828
2020-06-09T21:11:13+00:00,829
2020-06-10T12:56:34+00:00,830
2020-06-10T15:29:28+00:00,831
2020-06-15T16:17:36+00:00,832
2020-06-17T08:58:35+00:00,833
2020-06-18T08:10:50+00:00,834
2020-06-18T18:39:56+00:00,835
2020-06-19T13:58:28+00:00,836
2020-06-20T13:48:59+00:00,837
2020-06-22T10:02:33+00:00,838
2020-06-23T11:14:13+00:00,839
2020-06-25T14:04:35+00:00,840
2020-06-28T13:58:53+00:00,841
2020-07-02T03:29:06+00:00,842
2020-07-06T19:29:37+00:00,843
2020-07-07T07:39:05+00:00,844
2020-07-08T14:15:33+00:00,845
2020-07-09T17:47:46+00:00,846
2020-07-12T13:48:07+00:00,847
2020-07-14T18:12:27+00:00,848
2020-07-16T03:31:07+00:00,849
2020-07-20T19:04:52+00:00,850
2020-07-21T12:38:17+00:00,851
2020-07-21T13:09:34+00:00,852
2020-07-23T09:31:34+00:00,853
2020-07-25T03:09:00+00:00,854
2020-07-28T09:18:24+00:00,855
2020-07-29T19:23:41+00:00,856
2020-07-31T10:34:42+00:00,857
2020-07-31T15:15:42+00:00,858
2020-07-31T18:36:32+00:00,859
2020-08-04T22:51:49+00:00,860
2020-08-05T09:35:40+00:00,861
2020-08-07T11:09:07+00:00,862
2020-08-10T11:08:30+00:00,863
2020-08-11T17:58:23+00:00,864
2020-08-12T15:27:51+00:00,865
2020-08-16T08:34:17+00:00,866
2020-08-17T23:38:25+00:00,867
2020-08-19T13:00:18+00:00,868
2020-08-19T13:16:22+00:00,869
2020-08-19T16:40:56+00:00,870
2020-08-20T16:29:48+00:00,871
2020-08-23T18:22:45+00:00,872
2020-08-25T04:08:17+00:00,873
2020-09-01T13:51:50+00:00,874
2020-09-02T14:51:09+00:00,875
2020-09-03T15:24:06+00:00,876
2020-09-03T15:41:57+00:00,877
2020-09-04T15:42:26+00:00,878
2020-09-09T09:07:15+00:00,879
2020-09-10T06:05:41+00:00,880
2020-09-11T14:31:08+00:00,881
2020-09-14T13:49:37+00:00,882
2020-09-15T13:01:11+00:00,883
2020-09-18T09:07:53+00:00,884
2020-09-21T13:39:59+00:00,885
2020-09-22T19:40:04+00:00,886
2020-09-25T14:35:39+00:00,887
2020-09-25T22:37:12+00:00,888
2020-09-29T14:31:42+00:00,889
2020-09-29T21:05:33+00:00,890
2020-10-01T10:38:14+00:00,891
2020-10-06T02:54:34+00:00,892
2020-10-08T18:59:53+00:00,893
2020-10-08T22:21:57+00:00,894
2020-10-15T03:44:06+00:00,895
2020-10-15T16:54:32+00:00,896
2020-10-19T07:09:51+00:00,897
2020-10-20T04:28:08+00:00,898
2020-10-21T15:30:54+00:00,899
2020-10-22T16:29:33+00:00,900
2020-10-22T20:48:35+00:00,901
2020-10-26T16:15:12+00:00,902
2020-10-26T16:45:45+00:00,903
2020-10-27T01:16:57+00:00,904
2020-10-28T16:06:50+00:00,905
2020-10-30T14:43:04+00:00,906
2020-10-30T18:45:36+00:00,907
2020-11-02T10:26:27+00:00,908
2020-11-05T15:35:36+00:00,909
2020-11-06T15:54:08+00:00,910
2020-11-10T09:15:53+00:00,911
2020-11-18T13:32:26+00:00,912
2020-11-19T10:11:12+00:00,913
2020-11-20T15:56:50+00:00,914
2020-11-23T15:26:08+00:00,915
2020-11-28T02:23:01+00:00,916
2020-12-08T09:42:42+00:00,917
2020-12-08T10:44:09+00:00,918
2020-12-09T12:34:00+00:00,919
2020-12-10T11:43:54+00:00,920
2021-01-04T10:29:29+00:00,921
2021-01-13T21:09:35+00:00,922
2021-01-13T21:13:34+00:00,923
2021-01-15T09:24:30+00:00,924
2021-01-15T17:42:13+00:00,925
2021-02-09T13:40:26+00:00,926
2021-02-14T18:17:30+00:00,927
2021-02-17T07:34:00+00:00,928
2021-02-17T08:58:58+00:00,929
2021-02-18T16:48:29+00:00,930
2021-02-18T18:11:08+00:00,931
2021-02-23T08:00:14+00:00,932
2021-02-24T04:02:27+00:00,933
2021-03-03T03:11:14+00:00,934
2021-03-07T15:40:59+00:00,935
2021-03-08T19:44:58+00:00,936
2021-03-09T21:50:45+00:00,937
2021-03-12T07:30:26+00:00,938
2021-03-13T15:30:34+00:00,939
2021-03-14T21:26:42+00:00,940
2021-03-15T07:53:18+00:00,941
2021-03-16T21:44:15+00:00,942
2021-03-18T14:37:54+00:00,943
2021-03-18T16:53:23+00:00,944
2021-03-23T08:44:21+00:00,945
2021-03-23T23:39:55+00:00,946
2021-03-24T14:35:37+00:00,947
2021-03-26T14:51:55+00:00,948
2021-03-27T07:54:20+00:00,949
2021-03-31T13:03:08+00:00,950
2021-04-07T15:01:30+00:00,951
2021-04-08T19:06:15+00:00,952
2021-04-12T11:16:28+00:00,953
2021-04-12T11:19:40+00:00,954
2021-04-13T17:00:30+00:00,955
2021-04-14T11:45:48+00:00,956
2021-04-19T16:27:41+00:00,957
2021-04-21T13:12:15+00:00,958
2021-04-21T16:01:45+00:00,959
2021-04-29T20:14:54+00:00,960
2021-05-04T10:33:12+00:00,961
2021-05-07T12:32:00+00:00,962
2021-05-10T15:03:15+00:00,963
2021-05-12T13:41:25+00:00,964
2021-05-13T01:53:00+00:00,965
2021-05-14T18:40:38+00:00,966
2021-05-17T00:10:50+00:00,967
2021-05-18T13:16:08+00:00,968
2021-05-19T07:13:31+00:00,969
2021-05-19T14:11:12+00:00,970
2021-05-19T19:34:30+00:00,971
2021-05-20T09:13:12+00:00,972
2021-05-21T14:25:06+00:00,973
2021-05-24T20:40:00+00:00,974
2021-06-02T14:06:02+00:00,975
2021-06-03T16:22:59+00:00,976
2021-06-06T13:47:32+00:00,977
2021-06-09T00:51:17+00:00,978
2021-06-09T15:49:34+00:00,979
2021-06-09T23:23:20+00:00,980
2021-06-10T11:39:23+00:00,981
2021-06-10T17:48:31+00:00,982
2021-06-11T07:08:06+00:00,983
2021-06-16T14:34:48+00:00,984
2021-06-16T14:37:48+00:00,985
2021-06-16T18:22:22+00:00,986
2021-06-17T07:17:14+00:00,987
2021-06-24T15:09:52+00:00,988
2021-06-26T06:13:45+00:00,989
2021-06-26T06:15:59+00:00,990
2021-06-26T06:22:01+00:00,991
2021-06-28T12:59:26+00:00,992
2021-06-29T18:19:37+00:00,993
2021-06-30T12:06:19+00:00,994
2021-06-30T16:41:09+00:00,995
2021-06-30T21:32:51+00:00,996
2021-06-30T21:44:05+00:00,997
2021-07-01T09:38:37+00:00,998
2021-07-01T16:13:54+00:00,999
2021-07-03T13:36:39+00:00,1000
2021-07-06T05:36:58+00:00,1001
2021-07-08T14:03:45+00:00,1002
2021-07-09T22:36:31+00:00,1003
2021-07-12T15:09:54+00:00,1004
2021-07-14T17:04:11+00:00,1005
2021-07-15T19:09:54+00:00,1006
2021-07-17T10:52:58+00:00,1007
2021-07-19T09:15:29+00:00,1008
2021-07-23T09:45:27+00:00,1009
2021-07-27T05:00:10+00:00,1010
2021-07-28T09:22:04+00:00,1011
2021-07-28T22:01:58+00:00,1012
2021-07-29T09:06:40+00:00,1013
2021-08-04T04:28:34+00:00,1014
2021-08-05T20:36:39+00:00,1015
2021-08-10T07:12:00+00:00,1016
2021-08-12T13:56:10+00:00,1017
2021-08-12T19:49:23+00:00,1018
2021-08-13T03:40:48+00:00,1019
2021-08-13T07:09:19+00:00,1020
2021-08-16T13:02:45+00:00,1021
2021-08-16T19:42:35+00:00,1022
2021-08-18T05:37:03+00:00,1023
2021-08-18T13:58:43+00:00,1024
2021-08-19T07:57:44+00:00,1025
2021-08-23T20:13:31+00:00,1026
2021-08-25T06:06:31+00:00,1027
2021-09-03T15:47:23+00:00,1028
2021-09-06T13:29:28+00:00,1029
2021-09-07T20:41:34+00:00,1030
2021-09-08T09:42:51+00:00,1031
2021-09-08T19:29:56+00:00,1032
2021-09-09T12:39:17+00:00,1033
2021-09-10T18:29:05+00:00,1034
2021-09-10T19:17:20+00:00,1035
2021-09-14T11:01:42+00:00,1036
2021-09-15T12:49:28+00:00,1037
2021-09-17T09:52:24+00:00,1038
2021-09-24T08:45:08+00:00,1039
2021-09-27T03:00:43+00:00,1040
2021-09-30T13:16:34+00:00,1041
2021-10-04T16:31:51+00:00,1042
2021-10-05T14:48:59+00:00,1043
2021-10-05T18:46:46+00:00,1044
2021-10-08T01:14:38+00:00,1045
2021-10-11T17:40:04+00:00,1046
2021-10-13T12:49:42+00:00,1047
2021-10-21T08:58:30+00:00,1048
2021-10-21T15:55:22+00:00,1049
2021-10-26T21:26:01+00:00,1050
2021-11-01T16:07:33+00:00,1051
2021-11-01T18:46:21+00:00,1052
2021-11-02T15:25:28+00:00,1053
2021-11-10T11:13:14+00:00,1054
2021-11-10T17:14:33+00:00,1055
2021-11-11T17:21:06+00:00,1056
2021-11-11T17:40:28+00:00,1057
2021-11-15T04:58:56+00:00,1058
2021-11-15T20:08:07+00:00,1059
2021-11-18T09:48:21+00:00,1060
2021-11-26T12:59:07+00:00,1061
2021-12-03T01:26:02+00:00,1062
2021-12-06T21:00:53+00:00,1063
2021-12-08T14:31:00+00:00,1064
2021-12-09T17:21:28+00:00,1065
2021-12-16T11:00:50+00:00,1066
2021-12-25T12:47:01+00:00,1067
2022-01-04T10:31:25+00:00,1068
2022-01-07T16:37:07+00:00,1069
2022-01-08T02:57:25+00:00,1070
2022-01-12T14:58:13+00:00,1071
2022-01-18T14:12:19+00:00,1072
2022-01-20T15:40:32+00:00,1073
2022-01-27T10:35:55+00:00,1074
2022-02-01T09:52:07+00:00,1075
2022-02-03T11:13:42+00:00,1076
2022-02-03T20:43:52+00:00,1077
2022-02-04T13:41:57+00:00,1078
2022-02-04T14:39:49+00:00,1079
2022-02-09T13:41:42+00:00,1080
2022-02-09T18:01:41+00:00,1081
2022-02-12T18:47:11+00:00,1082
2022-02-14T17:33:32+00:00,1083
2022-02-14T20:43:11+00:00,1084
2022-02-15T13:25:03+00:00,1085
2022-02-16T19:27:50+00:00,1086
2022-02-17T15:56:37+00:00,1087
2022-02-18T15:04:47+00:00,1088
2022-02-19T03:04:50+00:00,1089
2022-02-21T13:44:06+00:00,1090
2022-02-25T17:59:13+00:00,1091
2022-02-28T19:07:13+00:00,1092
2022-03-10T12:42:03+00:00,1093
2022-03-15T21:32:09+00:00,1094
2022-03-17T11:19:53+00:00,1095
2022-03-17T17:36:24+00:00,1096
2022-03-21T19:47:45+00:00,1097
2022-03-23T09:57:22+00:00,1098
2022-03-25T20:01:55+00:00,1099
2022-03-31T09:48:54+00:00,1100
2022-03-31T11:52:58+00:00,1101
2022-04-04T14:29:43+00:00,1102
2022-04-06T08:24:27+00:00,1103
2022-04-07T10:45:01+00:00,1104
2022-04-07T18:53:50+00:00,1105
2022-04-15T15:30:14+00:00,1106
2022-04-17T13:55:57+00:00,1107
2022-04-25T07:43:10+00:00,1108
2022-04-27T12:07:15+00:00,1109
2022-05-03T16:17:09+00:00,1110
2022-05-04T21:41:15+00:00,1111
2022-05-06T15:19:37+00:00,1112
2022-05-08T21:14:02+00:00,1113
2022-05-09T10:49:12+00:00,1114
2022-05-10T12:38:16+00:00,1115
2022-05-10T13:59:47+00:00,1116
2022-05-12T11:28:12+00:00,1117
2022-05-12T12:58:05+00:00,1118
2022-05-13T15:02:16+00:00,1119
2022-05-18T08:54:00+00:00,1120
2022-05-18T13:47:05+00:00,1121
2022-05-18T17:17:39+00:00,1122
2022-05-23T08:23:05+00:00,1123
2022-05-26T20:43:07+00:00,1124
2022-05-28T22:42:14+00:00,1125
2022-05-31T13:50:57+00:00,1126
2022-05-31T14:53:15+00:00,1127
2022-05-31T23:38:27+00:00,1128
2022-06-01T09:22:22+00:00,1129
2022-06-10T14:26:11+00:00,1130
2022-06-14T14:59:40+00:00,1131
2022-06-15T17:43:26+00:00,1132
2022-06-16T14:14:01+00:00,1133
2022-06-16T19:37:28+00:00,1134
2022-06-21T19:51:42+00:00,1135
2022-06-22T15:19:54+00:00,1136
2022-06-24T23:14:10+00:00,1137
2022-07-01T11:17:30+00:00,1138
2022-07-04T07:04:59+00:00,1139
2022-07-05T13:57:14+00:00,1140
2022-07-11T10:20:59+00:00,1141
2022-07-16T06:57:34+00:00,1142
2022-07-19T14:17:35+00:00,1143
2022-07-25T13:21:37+00:00,1144
2022-07-29T12:37:58+00:00,1145
2022-07-31T09:53:34+00:00,1146
2022-07-31T10:10:47+00:00,1147
2022-08-02T07:54:59+00:00,1148
2022-08-09T12:16:50+00:00,1149
2022-08-13T19:45:47+00:00,1150
2022-08-16T10:00:24+00:00,1151
2022-08-18T11:04:36+00:00,1152
2022-08-24T16:17:42+00:00,1153
2022-08-30T01:00:33+00:00,1154
2022-09-01T14:21:41+00:00,1155
2022-09-02T09:09:04+00:00,1156
2022-09-09T07:58:55+00:00,1157
2022-09-09T23:14:38+00:00,1158
2022-09-10T16:05:38+00:00,1159
2022-09-12T11:40:34+00:00,1160
2022-09-13T14:04:00+00:00,1161
2022-09-14T12:26:10+00:00,1162
2022-09-16T08:32:23+00:00,1163
2022-09-16T13:12:20+00:00,1164
2022-09-20T17:48:01+00:00,1165
2022-09-22T10:26:32+00:00,1166
2022-09-26T08:25:46+00:00,1167
2022-10-04T04:02:51+00:00,1168
2022-10-04T14:21:58+00:00,1169
2022-10-07T06:59:19+00:00,1170
2022-10-08T13:27:45+00:00,1171
2022-10-11T07:59:06+00:00,1172
2022-10-14T01:03:42+00:00,1173
2022-10-20T08:42:40+00:00,1174
2022-10-26T07:27:43+00:00,1175
2022-10-30T17:02:40+00:00,1176
2022-10-30T17:03:58+00:00,1177
2022-10-30T17:04:04+00:00,1178
2022-10-30T17:04:06+00:00,1179
2022-10-30T17:04:08+00:00,1180
2022-10-30T17:04:14+00:00,1181
2022-10-30T17:04:18+00:00,1182
2022-10-30T17:04:20+00:00,1183
2022-11-08T14:40:30+00:00,1184
2022-11-09T18:45:40+00:00,1185
2022-11-15T19:20:34+00:00,1186
2022-11-15T20:58:06+00:00,1187
2022-11-28T18:20:34+00:00,1188
2022-11-28T18:48:14+00:00,1189
2022-11-29T09:49:22+00:00,1190
2022-12-01T21:30:13+00:00,1191
2022-12-07T15:40:26+00:00,1192
2022-12-07T17:25:55+00:00,1193
2022-12-15T16:04:18+00:00,1194
2022-12-16T16:05:47+00:00,1195
2022-12-27T13:50:16+00:00,1196
2022-12-30T10:34:54+00:00,1197
2023-01-04T16:42:58+00:00,1198
2023-01-17T12:52:03+00:00,1199
2023-01-17T20:18:49+00:00,1200
2023-01-17T21:37:20+00:00,1201
2023-01-23T00:50:02+00:00,1202
2023-01-26T16:31:57+00:00,1203
2023-01-27T10:05:22+00:00,1204
2023-01-27T14:22:41+00:00,1205
2023-01-31T11:43:52+00:00,1206
2023-01-31T19:14:23+00:00,1207
2023-01-31T23:45:53+00:00,1208
2023-02-01T17:12:00+00:00,1209
2023-02-03T14:29:43+00:00,1210
2023-02-03T16:23:34+00:00,1211
2023-02-06T16:43:33+00:00,1212
2023-02-07T14:48:17+00:00,1213
2023-02-08T08:34:01+00:00,1214
2023-02-08T09:54:41+00:00,1215
2023-02-09T10:23:37+00:00,1216
2023-02-09T13:35:57+00:00,1217
2023-02-10T12:44:34+00:00,1218
2023-02-10T19:27:46+00:00,1219
2023-02-14T17:43:15+00:00,1220
2023-02-16T23:29:23+00:00,1221
2023-02-22T16:00:00+00:00,1222
2023-02-23T22:34:53+00:00,1223
2023-03-03T20:56:10+00:00,1224
2023-03-03T21:02:21+00:00,1225
2023-03-07T09:31:40+00:00,1226
2023-03-08T20:46:29+00:00,1227
2023-03-13T20:36:31+00:00,1228
2023-03-14T17:21:46+00:00,1229
2023-03-15T20:52:28+00:00,1230
2023-03-16T00:28:23+00:00,1231
2023-03-16T11:35:45+00:00,1232
2023-03-21T15:02:38+00:00,1233
2023-03-22T14:44:22+00:00,1234
2023-03-24T15:29:37+00:00,1235
2023-03-25T08:26:59+00:00,1236
2023-03-25T08:31:22+00:00,1237
2023-03-28T13:36:32+00:00,1238
2023-03-28T19:53:15+00:00,1239
2023-04-07T21:51:39+00:00,1240
2023-04-08T00:27:09+00:00,1241
2023-04-08T18:30:27+00:00,1242
2023-04-11T01:26:21+00:00,1243
2023-04-12T13:05:33+00:00,1244
2023-04-13T08:59:28+00:00,1245
2023-04-19T04:28:24+00:00,1246
2023-04-21T19:00:10+00:00,1247
2023-04-25T08:47:58+00:00,1248
2023-04-26T10:29:17+00:00,1249
2023-04-26T11:45:07+00:00,1250
2023-04-29T06:47:14+00:00,1251
2023-05-04T09:28:11+00:00,1252
2023-05-06T11:01:47+00:00,1253
2023-05-08T18:08:29+00:00,1254
2023-05-10T12:51:14+00:00,1255
2023-05-15T00:04:30+00:00,1256
2023-05-17T20:06:42+00:00,1257
2023-05-19T07:58:14+00:00,1258
2023-05-23T02:43:40+00:00,1259
2023-05-25T13:00:11+00:00,1260
2023-06-05T11:30:03+00:00,1261
2023-06-07T15:51:18+00:00,1262
2023-06-12T15:03:12+00:00,1263
2023-06-16T14:05:05+00:00,1264
2023-06-19T08:10:55+00:00,1265
2023-06-19T11:55:57+00:00,1266
2023-06-19T14:47:42+00:00,1267
2023-06-21T14:03:30+00:00,1268
2023-06-28T12:48:16+00:00,1269
2023-07-07T07:45:26+00:00,1270
2023-07-07T09:18:59+00:00,1271
2023-07-11T08:10:12+00:00,1272
2023-07-11T21:52:47+00:00,1273
2023-07-12T11:00:37+00:00,1274
2023-07-12T18:48:47+00:00,1275
2023-07-12T22:25:29+00:00,1276
2023-07-13T12:52:59+00:00,1277
2023-07-18T04:52:49+00:00,1278
2023-07-18T10:14:41+00:00,1279
2023-07-26T11:59:46+00:00,1280
2023-07-27T14:56:30+00:00,1281
2023-07-27T15:17:04+00:00,1282
2023-08-02T13:52:08+00:00,1283
2023-08-03T23:28:35+00:00,1284
2023-08-09T15:08:02+00:00,1285
2023-08-11T07:04:51+00:00,1286
2023-08-11T11:31:55+00:00,1287
2023-08-13T23:23:17+00:00,1288
2023-08-14T17:59:42+00:00,1289
2023-08-16T06:44:32+00:00,1290
2023-08-16T22:14:37+00:00,1291
2023-08-16T22:16:42+00:00,1292
2023-08-21T21:04:02+00:00,1293
2023-08-22T10:05:45+00:00,1294
2023-08-24T09:39:05+00:00,1295
2023-08-27T11:50:02+00:00,1296
2023-08-28T11:24:10+00:00,1297
2023-08-30T08:56:12+00:00,1298
2023-08-31T10:16:52+00:00,1299
2023-08-31T13:39:06+00:00,1300
2023-09-01T07:43:23+00:00,1301
2023-09-04T19:42:38+00:00,1302
2023-09-06T00:12:20+00:00,1303
2023-09-07T14:03:26+00:00,1304
2023-09-08T01:14:06+00:00,1305
2023-09-10T09:15:00+00:00,1306
2023-09-14T03:07:28+00:00,1307
2023-09-14T07:16:29+00:00,1308
2023-09-14T10:43:06+00:00,1309
2023-09-15T09:24:08+00:00,1310
2023-09-15T09:33:46+00:00,1311
2023-09-15T09:39:29+00:00,1312
2023-09-18T19:46:20+00:00,1313
2023-09-21T16:57:06+00:00,1314
2023-09-21T17:32:52+00:00,1315
2023-09-22T09:13:45+00:00,1316
2023-09-22T13:08:50+00:00,1317
2023-09-26T20:49:47+00:00,1318
2023-09-28T09:38:51+00:00,1319
2023-09-28T10:00:29+00:00,1320
2023-09-28T10:03:07+00:00,1321
2023-09-28T10:05:54+00:00,1322
2023-09-28T10:11:05+00:00,1323
2023-09-28T10:12:55+00:00,1324
2023-09-28T10:15:34+00:00,1325
2023-09-28T10:19:12+00:00,1326
2023-09-29T14:13:13+00:00,1327
2023-10-03T09:13:06+00:00,1328
2023-10-03T09:37:53+00:00,1329
2023-10-03T10:44:25+00:00,1330
2023-10-03T12:20:00+00:00,1331
2023-10-05T08:57:49+00:00,1332
2023-10-06T15:01:40+00:00,1333
2023-10-11T06:05:04+00:00,1334
2023-10-12T08:31:21+00:00,1335
2023-10-12T10:37:28+00:00,1336
2023-10-12T19:11:06+00:00,1337
2023-10-13T05:34:26+00:00,1338
2023-10-16T05:06:23+00:00,1339
2023-10-17T00:10:40+00:00,1340
2023-10-18T00:14:24+00:00,1341
2023-10-19T06:53:36+00:00,1342
2023-10-19T13:11:15+00:00,1343
2023-10-20T09:46:38+00:00,1344
2023-10-20T10:13:42+00:00,1345
2023-10-22T10:13:52+00:00,1346
2023-10-24T21:35:25+00:00,1347
2023-10-25T11:55:03+00:00,1348
2023-10-26T09:49:39+00:00,1349
2023-10-30T12:15:00+00:00,1350
2023-11-01T04:53:59+00:00,1351
2023-11-05T23:53:23+00:00,1352
2023-11-07T11:19:52+00:00,1353
2023-11-07T14:26:48+00:00,1354
2023-11-09T04:28:56+00:00,1355
2023-11-13T05:50:10+00:00,1356
2023-11-13T23:27:31+00:00,1357
2023-11-14T11:19:10+00:00,1358
2023-11-17T07:22:31+00:00,1359
2023-11-17T13:30:36+00:00,1360
2023-11-17T22:51:08+00:00,1361
2023-11-20T15:12:52+00:00,1362
2023-11-21T03:27:41+00:00,1363
2023-11-22T10:19:02+00:00,1364
2023-11-24T02:21:26+00:00,1365
2023-11-24T14:52:18+00:00,1366
2023-11-27T16:48:02+00:00,1367
2023-11-28T14:05:49+00:00,1368
2023-11-30T10:02:45+00:00,1369
2023-11-30T15:25:26+00:00,1370
2023-12-05T15:47:16+00:00,1371
2023-12-06T08:41:05+00:00,1372
2023-12-06T18:24:45+00:00,1373
2023-12-08T15:03:19+00:00,1374
2023-12-12T00:26:11+00:00,1375
2023-12-12T10:37:08+00:00,1376
2023-12-13T13:24:42+00:00,1377
2023-12-15T08:41:34+00:00,1378
2023-12-18T21:47:45+00:00,1379
2023-12-19T10:24:27+00:00,1380
2023-12-20T15:22:33+00:00,1381
2023-12-21T21:50:24+00:00,1382
2023-12-27T19:21:43+00:00,1383
2024-01-09T11:34:58+00:00,1384
2024-01-12T09:59:27+00:00,1385
2024-01-12T16:45:30+00:00,1386
2024-01-16T10:47:18+00:00,1387
2024-01-19T16:55:15+00:00,1388
2024-01-20T10:39:43+00:00,1389
2024-01-21T11:16:09+00:00,1390
2024-01-22T22:17:00+00:00,1391
2024-01-24T17:05:51+00:00,1392
2024-01-26T10:27:28+00:00,1393
2024-01-26T12:52:36+00:00,1394
2024-01-30T22:51:14+00:00,1395
2024-02-05T18:21:15+00:00,1396
2024-02-06T18:54:08+00:00,1397
2024-02-07T07:31:18+00:00,1398
2024-02-08T09:59:14+00:00,1399
2024-02-08T14:40:51+00:00,1400
2024-02-08T16:12:08+00:00,1401
2024-02-08T21:11:17+00:00,1402
2024-02-09T19:50:19+00:00,1403
2024-02-11T19:27:29+00:00,1404
2024-02-11T19:33:20+00:00,1405
2024-02-12T13:10:05+00:00,1406
2024-02-13T07:49:37+00:00,1407
2024-02-13T10:35:24+00:00,1408
2024-02-13T11:47:25+00:00,1409
2024-02-14T13:43:44+00:00,1410
2024-02-14T18:23:48+00:00,1411
2024-02-15T08:39:48+00:00,1412
2024-02-15T09:43:08+00:00,1413
2024-02-15T10:01:28+00:00,1414
2024-02-15T13:21:33+00:00,1415
2024-02-15T15:41:18+00:00,1416
2024-02-15T18:52:11+00:00,1417
2024-02-16T09:00:53+00:00,1418
2024-02-16T09:48:40+00:00,1419
2024-02-17T07:30:56+00:00,1420
2024-02-19T19:05:15+00:00,1421
2024-02-20T15:49:21+00:00,1422
2024-02-21T09:13:33+00:00,1423
2024-02-21T18:01:22+00:00,1424
2024-02-21T20:03:58+00:00,1425
2024-02-22T15:10:54+00:00,1426
2024-02-22T19:58:50+00:00,1427
2024-02-23T12:56:28+00:00,1428
2024-02-23T13:19:57+00:00,1429
2024-02-23T14:11:17+00:00,1430
2024-02-25T16:21:09+00:00,1431
2024-02-26T09:30:27+00:00,1432
2024-02-26T09:54:09+00:00,1433
2024-02-26T16:53:00+00:00,1434
2024-02-26T16:54:41+00:00,1435
2024-02-27T10:21:51+00:00,1436
2024-02-27T12:53:39+00:00,1437
2024-02-27T15:39:33+00:00,1438
2024-02-29T10:23:00+00:00,1439
2024-02-29T10:23:14+00:00,1440
2024-02-29T13:50:39+00:00,1441
2024-03-02T21:10:33+00:00,1442
2024-03-02T22:11:11+00:00,1443
2024-03-04T11:13:08+00:00,1444
2024-03-06T05:04:14+00:00,1445
2024-03-07T13:28:51+00:00,1446
2024-03-11T11:36:31+00:00,1447
2024-03-11T15:05:36+00:00,1448
2024-03-12T17:25:43+00:00,1449
2024-03-13T12:20:42+00:00,1450
2024-03-13T18:22:19+00:00,1451
2024-03-19T19:45:37+00:00,1452
2024-03-20T08:28:24+00:00,1453
2024-03-20T18:27:02+00:00,1454
2024-03-21T10:55:58+00:00,1455
2024-03-22T17:39:09+00:00,1456
2024-03-22T20:47:13+00:00,1457
2024-03-24T20:01:39+00:00,1458
2024-03-28T08:37:44+00:00,1459
2024-03-28T21:20:29+00:00,1460
2024-03-29T09:41:30+00:00,1461
2024-04-02T16:43:02+00:00,1462
2024-04-02T19:26:49+00:00,1463
2024-04-03T12:16:04+00:00,1464
2024-04-07T04:18:24+00:00,1465
2024-04-08T11:23:00+00:00,1466
2024-04-09T14:30:39+00:00,1467
2024-04-10T16:48:05+00:00,1468
2024-04-11T20:10:38+00:00,1469
2024-04-12T22:19:06+00:00,1470
2024-04-13T16:34:53+00:00,1471
2024-04-16T13:01:47+00:00,1472
2024-04-16T19:07:04+00:00,1473
2024-04-17T21:25:12+00:00,1474
2024-04-23T12:11:32+00:00,1475
2024-04-25T09:06:52+00:00,1476
2024-04-26T05:56:11+00:00,1477
2024-04-29T23:04:32+00:00,1478
2024-04-30T09:47:56+00:00,1479
2024-04-30T10:05:01+00:00,1480
2024-04-30T18:26:45+00:00,1481
2024-04-30T19:33:12+00:00,1482
2024-04-30T21:40:38+00:00,1483
2024-05-01T18:08:10+00:00,1484
2024-05-01T23:21:57+00:00,1485
2024-05-02T05:14:19+00:00,1486
2024-05-03T09:33:40+00:00,1487
2024-05-03T09:34:34+00:00,1488
2024-05-04T11:51:27+00:00,1489
2024-05-06T14:24:21+00:00,1490
2024-05-06T16:43:33+00:00,1491
2024-05-06T18:19:11+00:00,1492
2024-05-07T09:37:20+00:00,1493
2024-05-09T12:07:50+00:00,1494
2024-05-09T20:29:11+00:00,1495
2024-05-13T07:40:55+00:00,1496
2024-05-14T07:51:59+00:00,1497
2024-05-14T20:08:49+00:00,1498
2024-05-15T00:09:53+00:00,1499
2024-05-15T12:48:42+00:00,1500
2024-05-15T15:07:35+00:00,1501
2024-05-15T19:00:19+00:00,1502
2024-05-17T07:36:40+00:00,1503
2024-05-17T12:47:25+00:00,1504
2024-05-23T09:25:32+00:00,1505
2024-05-23T09:50:24+00:00,1506
2024-05-23T18:42:34+00:00,1507
2024-05-26T20:03:55+00:00,1508
2024-05-31T08:32:20+00:00,1509
2024-05-31T14:29:40+00:00,1510
2024-05-31T16:26:20+00:00,1511
2024-06-02T08:57:56+00:00,1512
2024-06-02T13:34:26+00:00,1513
2024-06-05T07:47:26+00:00,1514
2024-06-05T11:25:35+00:00,1515
2024-06-06T08:36:20+00:00,1516
2024-06-07T17:12:56+00:00,1517
2024-06-11T15:11:51+00:00,1518
2024-06-13T19:23:57+00:00,1519
2024-06-15T10:26:47+00:00,1520
2024-06-18T07:26:58+00:00,1521
2024-06-19T03:50:57+00:00,1522
2024-06-19T08:46:15+00:00,1523
2024-06-19T12:32:07+00:00,1524
2024-06-19T12:50:29+00:00,1525
2024-06-19T15:33:51+00:00,1526
2024-06-20T20:32:33+00:00,1527
2024-06-21T14:31:00+00:00,1528
2024-06-24T02:04:03+00:00,1529
2024-06-24T16:33:04+00:00,1530
2024-06-25T09:15:02+00:00,1531
2024-06-27T16:32:23+00:00,1532
2024-06-28T16:23:30+00:00,1533
2024-07-01T17:06:24+00:00,1534
2024-07-01T19:04:01+00:00,1535
2024-07-02T15:08:28+00:00,1536
2024-07-04T12:40:14+00:00,1537
2024-07-04T12:45:07+00:00,1538
2024-07-04T14:37:19+00:00,1539
2024-07-05T15:45:44+00:00,1540
2024-07-05T17:44:14+00:00,1541
2024-07-06T18:01:13+00:00,1542
2024-07-08T14:45:20+00:00,1543
2024-07-11T09:00:36+00:00,1544
2024-07-16T18:39:56+00:00,1545
2024-07-21T19:50:53+00:00,1546
2024-07-23T13:59:39+00:00,1547
2024-07-25T14:54:20+00:00,1548
2024-07-30T15:16:56+00:00,1549
2024-07-31T14:10:02+00:00,1550
2024-07-31T19:59:23+00:00,1551
2024-07-31T20:16:30+00:00,1552
2024-08-01T14:33:01+00:00,1553
2024-08-03T03:35:46+00:00,1554
2024-08-05T11:59:21+00:00,1555
2024-08-07T23:01:42+00:00,1556
2024-08-08T11:04:13+00:00,1557
2024-08-08T14:25:26+00:00,1558
2024-08-09T12:37:37+00:00,1559
2024-08-09T17:02:09+00:00,1560
2024-08-13T18:53:18+00:00,1561
2024-08-14T15:00:18+00:00,1562
2024-08-14T21:49:49+00:00,1563
2024-08-17T05:35:05+00:00,1564
2024-08-19T02:30:16+00:00,1565
2024-08-19T21:44:12+00:00,1566
2024-08-20T05:00:20+00:00,1567
2024-08-20T08:37:58+00:00,1568
2024-08-20T12:02:28+00:00,1569
2024-08-20T14:59:26+00:00,1570
2024-08-22T17:14:24+00:00,1571
2024-08-23T08:03:36+00:00,1572
2024-08-27T19:17:04+00:00,1573
2024-08-28T13:19:26+00:00,1574
2024-08-28T16:50:09+00:00,1575
2024-08-28T20:13:32+00:00,1576
2024-08-29T06:35:16+00:00,1577
2024-08-29T09:32:16+00:00,1578
2024-08-29T11:16:57+00:00,1579
2024-08-29T11:21:36+00:00,1580
2024-08-29T15:28:04+00:00,1581
2024-08-30T13:41:58+00:00,1582
2024-09-03T10:46:16+00:00,1583
2024-09-03T17:11:16+00:00,1584
2024-09-04T15:16:38+00:00,1585
2024-09-04T21:24:48+00:00,1586
2024-09-06T01:56:30+00:00,1587
2024-09-06T09:52:05+00:00,1588
2024-09-06T11:34:12+00:00,1589
2024-09-11T13:27:09+00:00,1590
2024-09-13T16:06:47+00:00,1591
2024-09-13T18:13:06+00:00,1592
2024-09-13T18:45:19+00:00,1593
2024-09-16T09:26:23+00:00,1594
2024-09-16T13:12:53+00:00,1595
2024-09-16T14:43:45+00:00,1596
2024-09-17T09:12:49+00:00,1597
2024-09-17T21:13:22+00:00,1598
2024-09-19T10:14:12+00:00,1599
2024-09-19T10:20:07+00:00,1600
2024-09-19T12:16:38+00:00,1601
2024-09-19T12:30:23+00:00,1602
2024-09-20T07:01:57+00:00,1603
2024-09-24T17:24:39+00:00,1604
2024-09-25T14:15:29+00:00,1605
2024-09-26T07:26:10+00:00,1606
2024-09-26T14:07:35+00:00,1607
2024-09-27T00:06:52+00:00,1608
2024-10-01T08:38:43+00:00,1609
2024-10-01T20:04:21+00:00,1610
2024-10-02T00:09:43+00:00,1611
2024-10-03T21:20:36+00:00,1612
2024-10-04T21:30:44+00:00,1613
2024-10-04T22:38:47+00:00,1614
2024-10-07T09:51:20+00:00,1615
2024-10-11T15:57:49+00:00,1616
2024-10-14T11:44:52+00:00,1617
2024-10-16T09:43:38+00:00,1618
2024-10-16T10:56:29+00:00,1619
2024-10-18T05:43:47+00:00,1620
2024-10-18T13:20:34+00:00,1621
2024-10-23T13:57:05+00:00,1622
2024-10-23T14:40:41+00:00,1623
2024-10-23T21:16:00+00:00,1624
2024-10-24T15:01:17+00:00,1625
2024-10-25T09:50:22+00:00,1626
2024-10-29T17:53:15+00:00,1627
2024-10-31T08:22:16+00:00,1628
2024-10-31T08:35:42+00:00,1629
2024-10-31T10:37:43+00:00,1630
2024-10-31T14:15:18+00:00,1631
2024-11-02T08:41:10+00:00,1632
2024-11-04T09:57:48+00:00,1633
2024-11-05T21:51:52+00:00,1634
2024-11-06T14:39:43+00:00,1635
2024-11-15T13:50:10+00:00,1636
2024-11-18T13:40:45+00:00,1637
2024-11-18T23:08:26+00:00,1638
2024-11-19T13:47:31+00:00,1639
2024-11-19T13:47:35+00:00,1640
2024-11-19T13:47:38+00:00,1641
2024-11-20T04:41:03+00:00,1642
2024-11-21T11:04:57+00:00,1643
2024-11-21T11:07:24+00:00,1644
2024-11-21T15:50:58+00:00,1645
2024-11-22T10:45:36+00:00,1646
2024-11-22T20:53:10+00:00,1647
2024-11-24T16:06:09+00:00,1648
2024-11-27T08:36:44+00:00,1649
2024-11-27T11:24:54+00:00,1650
2024-12-02T21:32:13+00:00,1651
2024-12-04T05:30:40+00:00,1652
2024-12-10T12:35:47+00:00,1653
2024-12-10T18:00:20+00:00,1654
2024-12-11T02:33:36+00:00,1655
2024-12-12T09:38:24+00:00,1656
2024-12-13T12:23:47+00:00,1657
2024-12-13T12:42:32+00:00,1658
2024-12-13T12:42:47+00:00,1659
2024-12-16T10:39:48+00:00,1660
2024-12-19T11:01:49+00:00,1661
2024-12-31T05:19:06+00:00,1662
2024-12-31T14:16:15+00:00,1663
2025-01-06T11:37:46+00:00,1664
2025-01-09T19:05:19+00:00,1665
2025-01-13T14:44:53+00:00,1666
2025-01-13T15:12:20+00:00,1667
2025-01-16T00:23:34+00:00,1668
2025-01-20T09:50:57+00:00,1669
2025-01-24T06:40:15+00:00,1670
2025-01-27T01:24:18+00:00,1671
2025-01-27T10:43:03+00:00,1672
2025-01-27T14:16:26+00:00,1673
2025-01-28T13:56:08+00:00,1674
2025-01-29T16:16:47+00:00,1675
2025-01-30T15:18:00+00:00,1676
2025-02-03T07:54:45+00:00,1677
2025-02-03T20:59:47+00:00,1678
2025-02-06T13:14:27+00:00,1679
2025-02-10T14:49:37+00:00,1680
2025-02-13T13:45:30+00:00,1681
2025-02-14T15:24:53+00:00,1682
2025-02-18T23:59:47+00:00,1683
2025-02-19T04:07:16+00:00,1684
2025-02-24T02:28:44+00:00,1685
2025-02-26T18:22:28+00:00,1686
2025-02-26T22:04:30+00:00,1687
2025-02-27T14:15:50+00:00,1688
2025-02-27T17:21:01+00:00,1689
2025-02-28T15:52:47+00:00,1690
2025-03-02T21:40:31+00:00,1691
2025-03-04T07:28:14+00:00,1692
2025-03-04T13:54:22+00:00,1693
2025-03-05T14:37:23+00:00,1694
2025-03-11T14:13:32+00:00,1695
2025-03-13T13:26:05+00:00,1696
2025-03-21T17:34:52+00:00,1697
2025-03-22T01:56:39+00:00,1698
2025-03-25T10:21:24+00:00,1699
2025-03-25T14:32:38+00:00,1700
2025-03-28T00:36:05+00:00,1701
2025-03-28T01:46:10+00:00,1702
2025-03-29T00:22:25+00:00,1703
2025-03-31T07:50:55+00:00,1704
2025-03-31T16:33:14+00:00,1705
2025-04-01T13:11:45+00:00,1706
2025-04-02T21:35:17+00:00,1707
2025-04-04T16:11:31+00:00,1708
2025-04-07T16:50:58+00:00,1709
2025-04-07T16:56:59+00:00,1710
2025-04-08T18:07:10+00:00,1711
2025-04-09T15:16:38+00:00,1712
2025-04-14T12:56:43+00:00,1713
2025-04-18T20:01:28+00:00,1714
2025-04-22T01:03:05+00:00,1715
2025-04-24T13:12:59+00:00,1716
2025-04-24T13:39:57+00:00,1717
2025-04-30T22:03:38+00:00,1718
2025-05-01T14:03:22+00:00,1719
2025-05-08T00:24:17+00:00,1720
2025-05-09T16:53:04+00:00,1721
2025-05-15T10:58:36+00:00,1722
2025-05-15T16:49:30+00:00,1723
2025-05-19T08:52:11+00:00,1724
2025-05-20T12:00:46+00:00,1725
2025-05-20T18:12:46+00:00,1726
2025-05-22T09:41:50+00:00,1727
2025-05-22T13:11:02+00:00,1728
2025-05-23T14:45:11+00:00,1729
2025-05-28T16:39:48+00:00,1730
2025-06-02T17:24:24+00:00,1731
2025-06-03T12:20:36+00:00,1732
2025-06-03T17:59:45+00:00,1733
2025-06-05T20:43:41+00:00,1734
2025-06-06T09:56:01+00:00,1735
2025-06-10T19:56:34+00:00,1736
2025-06-10T20:59:49+00:00,1737
2025-06-11T08:22:48+00:00,1738
2025-06-24T09:59:11+00:00,1739
2025-06-25T09:22:15+00:00,1740
2025-06-25T16:04:23+00:00,1741
2025-06-26T04:58:42+00:00,1742
2025-07-01T14:54:41+00:00,1743
2025-07-02T15:16:21+00:00,1744
2025-07-02T23:24:42+00:00,1745
2025-07-03T13:21:04+00:00,1746
2025-07-03T18:52:46+00:00,1747
2025-07-04T01:45:24+00:00,1748
2025-07-04T16:20:14+00:00,1749
2025-07-05T11:18:34+00:00,1750
2025-07-07T15:19:52+00:00,1751
2025-07-08T09:19:43+00:00,1752
2025-07-11T12:19:01+00:00,1753
2025-07-14T08:08:15+00:00,1754
2025-07-14T08:08:18+00:00,1755
2025-07-15T18:45:05+00:00,1756
2025-07-16T13:41:52+00:00,1757
2025-07-23T05:32:32+00:00,1758
2025-07-23T13:52:32+00:00,1759
2025-07-24T02:55:13+00:00,1760
2025-07-31T07:52:58+00:00,1761
2025-08-04T15:37:32+00:00,1762
2025-08-05T00:17:17+00:00,1763
2025-08-05T18:02:23+00:00,1764
2025-08-06T09:39:28+00:00,1765
2025-08-06T15:08:25+00:00,1766
2025-08-16T16:59:35+00:00,1767
2025-08-19T21:58:45+00:00,1768
2025-08-21T15:35:25+00:00,1769
2025-08-22T05:25:40+00:00,1770
2025-08-27T19:45:22+00:00,1771
2025-08-28T09:18:29+00:00,1772
2025-08-29T12:47:11+00:00,1773
2025-09-02T14:23:38+00:00,1774
2025-09-03T11:31:38+00:00,1775
2025-09-08T13:14:41+00:00,1776
2025-09-08T21:18:45+00:00,1777
2025-09-11T22:25:43+00:00,1778
2025-09-12T11:59:13+00:00,1779
2025-09-12T13:53:30+00:00,1780
2025-09-12T22:07:42+00:00,1781
2025-09-16T09:49:47+00:00,1782
2025-09-16T16:04:38+00:00,1783
2025-09-19T19:21:50+00:00,1784
2025-09-25T11:47:25+00:00,1785
2025-09-25T18:56:56+00:00,1786
2025-10-06T07:56:39+00:00,1787
2025-10-07T07:00:04+00:00,1788
2025-10-09T13:51:31+00:00,1789
2025-10-10T08:53:00+00:00,1790
2025-10-14T01:07:22+00:00,1791
2025-10-17T08:48:30+00:00,1792
2025-10-23T20:02:29+00:00,1793
2025-10-24T03:15:56+00:00,1794
2025-10-24T12:43:06+00:00,1795
2025-10-30T10:46:45+00:00,1796
2025-10-30T22:29:39+00:00,1797
2025-11-04T02:11:53+00:00,1798
2025-11-14T16:00:26+00:00,1799
2025-11-20T10:53:07+00:00,1800
2025-11-23T08:10:10+00:00,1801
2025-11-25T16:20:29+00:00,1802
2025-11-26T14:16:08+00:00,1803
2025-11-27T13:57:24+00:00,1804
2025-11-27T15:51:14+00:00,1805
2025-12-01T08:46:47+00:00,1806
2025-12-03T19:52:26+00:00,1807
2025-12-04T11:05:06+00:00,1808
2025-12-05T09:38:04+00:00,1809
2025-12-05T15:27:42+00:00,1810
2025-12-08T16:20:23+00:00,1811
2025-12-10T00:16:47+00:00,1812
2025-12-11T12:25:18+00:00,1813
2025-12-11T15:38:32+00:00,1814
2025-12-12T18:03:45+00:00,1815
2025-12-14T23:36:28+00:00,1816
2025-12-14T23:41:38+00:00,1817
2025-12-16T09:53:03+00:00,1818
2025-12-16T10:16:41+00:00,1819
2025-12-16T10:28:55+00:00,1820
2025-12-17T10:19:53+00:00,1821
2025-12-18T10:23:43+00:00,1822
2025-12-18T11:23:59+00:00,1823
2025-12-18T13:45:38+00:00,1824
2025-12-19T13:33:56+00:00,1825
2025-12-22T09:50:42+00:00,1826
2026-01-12T10:04:40+00:00,1827
2026-01-13T16:48:31+00:00,1828
2026-01-20T03:36:39+00:00,1829
2026-01-20T03:49:48+00:00,1830
2026-01-21T07:40:21+00:00,1831
2026-01-21T16:02:01+00:00,1832
2026-01-22T19:11:45+00:00,1833
2026-02-04T18:11:19+00:00,1834
2026-02-04T20:59:11+00:00,1835
