date,prs_open
2015-09-03T14:42:34+00:00,1
2015-09-04T07:51:56+00:00,0
2015-09-10T20:59:00+00:00,1
2015-09-11T08:58:54+00:00,0
2015-09-15T16:32:32+00:00,1
2015-09-15T16:33:09+00:00,0
2015-09-16T10:30:12+00:00,1
2015-09-16T10:30:19+00:00,0
2015-09-25T07:45:16+00:00,1
2015-09-26T09:06:04+00:00,0
2015-09-27T10:42:37+00:00,1
2015-09-28T06:55:52+00:00,0
2015-09-28T10:23:24+00:00,1
2015-09-28T11:22:51+00:00,0
2015-09-28T12:26:07+00:00,1
2015-09-28T13:46:10+00:00,0
2015-09-30T13:51:16+00:00,1
2015-09-30T14:05:04+00:00,0
2015-10-06T16:14:16+00:00,1
2015-10-06T16:14:51+00:00,0
2015-10-06T20:28:09+00:00,1
2015-10-06T20:28:13+00:00,0
2015-10-07T09:01:47+00:00,1
2015-10-07T09:01:52+00:00,0
2015-10-12T12:45:29+00:00,1
2015-10-12T12:45:34+00:00,0
2015-10-13T12:12:57+00:00,1
2015-10-13T12:13:07+00:00,0
2015-10-14T12:04:44+00:00,1
2015-10-14T13:26:39+00:00,0
2015-10-16T16:18:35+00:00,1
2015-10-16T16:18:40+00:00,0
2015-10-22T13:46:37+00:00,1
2015-10-22T13:46:57+00:00,0
2015-10-26T15:48:50+00:00,1
2015-10-26T15:56:29+00:00,0
2015-11-06T11:23:57+00:00,1
2015-11-06T11:24:06+00:00,0
2015-11-07T12:53:59+00:00,1
2015-11-07T12:54:41+00:00,0
2015-11-07T13:00:20+00:00,1
2015-11-07T13:00:27+00:00,0
2015-11-10T23:30:36+00:00,1
2015-11-12T12:22:45+00:00,0
2015-11-24T13:32:20+00:00,1
2015-11-24T13:32:24+00:00,0
2015-12-14T14:19:46+00:00,1
2015-12-14T14:20:57+00:00,0
2016-02-04T14:45:36+00:00,1
2016-02-04T14:46:26+00:00,0
2016-02-05T23:57:34+00:00,1
2016-02-05T23:57:37+00:00,0
2016-02-17T08:47:12+00:00,1
2016-02-17T08:47:31+00:00,2
2016-02-18T08:58:00+00:00,1
2016-02-26T09:52:27+00:00,0
2016-03-09T09:58:02+00:00,1
2016-03-09T09:58:08+00:00,0
2016-03-14T15:46:55+00:00,1
2016-03-15T13:59:52+00:00,2
2016-03-15T13:59:59+00:00,1
2016-03-18T16:37:55+00:00,2
2016-03-18T16:38:04+00:00,1
2016-03-18T16:44:44+00:00,0
2016-04-07T15:13:21+00:00,1
2016-04-07T15:13:55+00:00,0
2016-04-08T15:09:05+00:00,1
2016-04-08T15:09:37+00:00,0
2016-04-17T09:27:32+00:00,1
2016-04-17T09:34:53+00:00,0
2016-04-20T15:49:20+00:00,1
2016-04-20T15:50:29+00:00,0
2016-04-21T13:40:26+00:00,1
2016-04-21T14:33:18+00:00,0
2016-04-21T14:34:15+00:00,1
2016-04-21T14:34:33+00:00,0
2016-04-27T21:36:38+00:00,1
2016-04-27T21:48:51+00:00,0
2016-05-03T08:29:45+00:00,1
2016-05-03T08:46:25+00:00,0
2016-05-03T15:46:48+00:00,1
2016-05-03T15:46:54+00:00,0
2016-05-05T18:49:57+00:00,1
2016-05-06T22:07:31+00:00,0
2016-05-08T15:23:27+00:00,1
2016-05-09T06:33:19+00:00,0
2016-05-17T17:21:06+00:00,1
2016-05-27T14:05:21+00:00,2
2016-05-30T15:28:35+00:00,1
2016-05-31T11:59:14+00:00,2
2016-05-31T12:05:21+00:00,1
2016-06-09T15:07:03+00:00,0
2016-06-10T12:07:11+00:00,1
2016-06-10T12:19:34+00:00,0
2016-06-14T17:24:00+00:00,1
2016-06-14T17:25:52+00:00,0
2016-06-26T17:58:45+00:00,1
2016-06-26T18:03:58+00:00,0
2016-07-04T09:53:17+00:00,1
2016-07-04T10:29:56+00:00,0
2016-07-05T14:35:35+00:00,1
2016-07-05T14:47:49+00:00,0
2016-07-06T16:32:18+00:00,1
2016-07-06T21:33:49+00:00,2
2016-07-07T14:10:15+00:00,3
2016-07-07T16:14:40+00:00,2
2016-07-07T16:14:40+00:00,1
2016-07-07T16:21:27+00:00,2
2016-07-07T18:08:42+00:00,3
2016-07-07T20:25:45+00:00,4
2016-07-08T14:56:48+00:00,3
2016-07-12T08:18:14+00:00,2
2016-07-12T12:16:10+00:00,1
2016-07-14T11:19:45+00:00,2
2016-07-14T13:17:03+00:00,1
2016-07-15T09:05:15+00:00,2
2016-07-15T10:14:01+00:00,1
2016-07-18T13:01:07+00:00,2
2016-07-18T14:48:14+00:00,1
2016-07-27T10:59:43+00:00,2
2016-08-23T13:51:39+00:00,3
2016-08-23T13:55:08+00:00,2
2016-08-25T15:42:24+00:00,1
2016-08-31T06:15:12+00:00,2
2016-09-01T07:11:12+00:00,1
2016-09-06T15:08:05+00:00,0
2016-09-16T14:11:25+00:00,1
2016-09-16T15:29:58+00:00,0
2016-09-19T09:08:39+00:00,1
2016-09-19T09:11:33+00:00,0
2016-10-11T12:39:42+00:00,1
2016-10-11T13:07:03+00:00,0
2016-10-11T13:08:05+00:00,1
2016-10-22T02:22:59+00:00,2
2016-10-24T09:02:20+00:00,1
2016-10-29T22:21:14+00:00,2
2016-11-04T08:48:22+00:00,3
2016-11-04T14:00:41+00:00,2
2016-11-04T14:35:30+00:00,3
2016-11-04T16:11:53+00:00,2
2016-11-07T09:50:04+00:00,1
2016-11-08T15:07:40+00:00,0
2016-11-21T15:07:11+00:00,1
2016-11-23T10:24:35+00:00,0
2016-11-23T10:28:46+00:00,1
2016-11-23T16:59:42+00:00,0
2016-11-28T11:38:00+00:00,1
2016-11-29T13:39:04+00:00,2
2016-12-06T09:39:26+00:00,1
2016-12-07T14:34:30+00:00,2
2016-12-07T15:30:03+00:00,3
2016-12-08T13:03:33+00:00,2
2016-12-14T09:28:11+00:00,1
2016-12-14T22:03:18+00:00,2
2016-12-15T08:18:42+00:00,1
2016-12-15T13:53:13+00:00,2
2016-12-15T13:59:43+00:00,1
2016-12-16T13:39:18+00:00,2
2016-12-16T13:39:55+00:00,1
2016-12-20T10:59:02+00:00,2
2016-12-20T11:08:39+00:00,1
2016-12-20T19:12:41+00:00,2
2016-12-20T23:28:14+00:00,3
2016-12-20T23:36:43+00:00,4
2016-12-21T08:23:41+00:00,3
2016-12-21T15:44:51+00:00,2
2016-12-21T15:47:12+00:00,1
2016-12-21T17:09:51+00:00,2
2016-12-21T17:10:14+00:00,1
2016-12-21T18:00:26+00:00,0
2016-12-21T18:38:56+00:00,1
2016-12-22T08:36:22+00:00,0
2016-12-26T12:07:54+00:00,1
2017-01-01T11:22:03+00:00,2
2017-01-01T11:52:47+00:00,1
2017-01-04T12:37:51+00:00,2
2017-01-05T10:07:04+00:00,3
2017-01-05T15:49:36+00:00,2
2017-01-06T15:21:11+00:00,3
2017-01-06T16:20:55+00:00,2
2017-01-11T14:55:00+00:00,3
2017-02-12T10:28:58+00:00,4
2017-02-15T18:30:11+00:00,5
2017-02-17T16:10:01+00:00,4
2017-02-20T09:14:52+00:00,5
2017-02-20T09:18:53+00:00,4
2017-02-20T10:57:14+00:00,5
2017-02-20T13:28:24+00:00,4
2017-02-20T16:03:09+00:00,3
2017-02-22T16:10:01+00:00,2
2017-02-23T09:52:15+00:00,1
2017-02-27T15:16:35+00:00,0
2017-03-06T15:51:24+00:00,1
2017-03-06T15:52:35+00:00,0
2017-03-13T12:07:32+00:00,1
2017-03-21T22:31:10+00:00,2
2017-03-22T08:01:45+00:00,1
2017-03-28T18:31:53+00:00,2
2017-03-29T20:00:23+00:00,3
2017-04-01T17:41:16+00:00,4
2017-04-05T08:03:46+00:00,5
2017-04-05T08:06:27+00:00,4
2017-04-05T11:32:25+00:00,3
2017-04-10T09:53:30+00:00,4
2017-04-10T17:56:10+00:00,5
2017-04-10T18:32:51+00:00,4
2017-04-13T12:33:52+00:00,5
2017-04-13T14:55:50+00:00,4
2017-04-19T11:18:17+00:00,5
2017-04-19T11:22:21+00:00,4
2017-04-21T12:31:18+00:00,3
2017-04-25T13:17:35+00:00,4
2017-04-25T13:38:28+00:00,3
2017-04-25T14:10:17+00:00,4
2017-05-08T08:19:25+00:00,3
2017-05-09T14:45:11+00:00,4
2017-05-09T14:49:02+00:00,3
2017-05-15T21:47:02+00:00,4
2017-05-17T13:35:03+00:00,3
2017-05-22T15:24:31+00:00,4
2017-05-25T21:06:38+00:00,5
2017-05-31T07:36:23+00:00,4
2017-06-05T08:50:33+00:00,5
2017-06-07T10:14:29+00:00,4
2017-06-23T08:57:35+00:00,5
2017-06-23T09:10:35+00:00,4
2017-06-27T12:48:25+00:00,5
2017-06-27T16:35:30+00:00,4
2017-07-07T09:54:16+00:00,3
2017-07-07T15:18:12+00:00,4
2017-07-10T06:50:29+00:00,3
2017-07-10T23:26:58+00:00,4
2017-07-12T09:49:56+00:00,3
2017-07-13T09:49:50+00:00,4
2017-07-13T11:05:48+00:00,3
2017-07-20T13:39:06+00:00,4
2017-07-20T14:33:06+00:00,5
2017-07-20T14:33:25+00:00,6
2017-07-20T14:48:07+00:00,7
2017-07-20T15:10:04+00:00,8
2017-07-20T15:35:33+00:00,9
2017-07-20T15:37:46+00:00,10
2017-07-20T15:47:09+00:00,9
2017-07-20T15:53:45+00:00,8
2017-07-20T15:54:32+00:00,7
2017-07-20T15:56:14+00:00,6
2017-07-20T16:00:41+00:00,7
2017-07-20T16:01:47+00:00,6
2017-07-21T07:41:14+00:00,7
2017-07-21T07:53:00+00:00,6
2017-07-21T08:42:30+00:00,5
2017-07-21T08:46:15+00:00,6
2017-07-21T09:52:20+00:00,5
2017-07-21T10:23:32+00:00,6
2017-07-21T12:27:41+00:00,7
2017-07-21T12:35:45+00:00,8
2017-07-21T12:59:32+00:00,7
2017-07-21T13:05:23+00:00,6
2017-07-21T13:31:36+00:00,7
2017-07-21T13:34:50+00:00,6
2017-07-21T13:55:09+00:00,7
2017-07-21T14:43:54+00:00,6
2017-07-21T14:47:23+00:00,7
2017-07-21T15:05:29+00:00,6
2017-07-21T16:09:30+00:00,7
2017-07-21T19:47:11+00:00,6
2017-07-22T12:15:39+00:00,7
2017-07-22T12:24:46+00:00,6
2017-07-25T13:04:35+00:00,7
2017-07-25T13:11:39+00:00,6
2017-07-25T13:35:25+00:00,5
2017-07-27T12:18:36+00:00,4
2017-07-27T13:16:25+00:00,3
2017-07-28T09:21:59+00:00,4
2017-07-28T15:14:24+00:00,5
2017-07-28T19:38:59+00:00,4
2017-07-31T10:57:19+00:00,5
2017-08-04T14:17:20+00:00,6
2017-08-08T08:28:50+00:00,5
2017-08-08T09:34:09+00:00,6
2017-08-08T11:04:31+00:00,5
2017-08-09T14:11:40+00:00,6
2017-08-09T14:13:30+00:00,5
2017-08-10T20:46:38+00:00,6
2017-08-12T18:53:52+00:00,7
2017-08-14T13:37:36+00:00,8
2017-08-14T14:13:13+00:00,7
2017-08-14T14:21:01+00:00,6
2017-08-15T16:33:08+00:00,7
2017-08-15T17:17:42+00:00,6
2017-08-16T08:30:25+00:00,5
2017-08-16T10:26:02+00:00,6
2017-08-16T14:13:54+00:00,5
2017-08-17T10:24:51+00:00,6
2017-08-17T11:35:34+00:00,7
2017-08-17T12:00:14+00:00,6
2017-08-18T13:11:17+00:00,7
2017-08-18T13:16:36+00:00,8
2017-08-20T18:25:47+00:00,9
2017-08-21T08:57:32+00:00,8
2017-08-21T09:05:29+00:00,7
2017-08-21T15:02:15+00:00,6
2017-08-21T15:16:18+00:00,7
2017-08-28T10:25:19+00:00,6
2017-08-28T11:28:14+00:00,7
2017-08-31T07:02:07+00:00,8
2017-08-31T07:04:47+00:00,7
2017-08-31T11:00:22+00:00,8
2017-08-31T11:22:12+00:00,9
2017-08-31T11:23:43+00:00,8
2017-08-31T11:33:27+00:00,9
2017-09-04T05:58:04+00:00,8
2017-09-05T09:11:28+00:00,9
2017-09-05T09:20:23+00:00,8
2017-09-05T09:41:36+00:00,9
2017-09-05T10:19:47+00:00,8
2017-09-05T12:28:38+00:00,9
2017-09-06T07:42:30+00:00,10
2017-09-06T13:57:06+00:00,11
2017-09-07T13:21:10+00:00,12
2017-09-08T12:51:23+00:00,13
2017-09-10T20:07:12+00:00,12
2017-09-11T15:15:16+00:00,13
2017-09-18T08:49:56+00:00,14
2017-09-21T10:08:38+00:00,13
2017-09-21T12:35:37+00:00,14
2017-09-25T13:27:26+00:00,13
2017-09-27T13:50:28+00:00,14
2017-09-27T14:32:08+00:00,13
2017-09-28T10:41:21+00:00,14
2017-09-28T11:18:36+00:00,13
2017-09-28T11:28:22+00:00,12
2017-09-28T11:29:40+00:00,13
2017-09-28T12:33:50+00:00,12
2017-09-29T08:44:29+00:00,13
2017-09-29T09:21:10+00:00,12
2017-10-02T10:40:23+00:00,13
2017-10-02T15:07:37+00:00,12
2017-10-02T15:21:36+00:00,13
2017-10-02T15:22:42+00:00,12
2017-10-03T12:43:24+00:00,13
2017-10-03T13:22:54+00:00,12
2017-10-05T11:51:27+00:00,11
2017-10-05T13:47:34+00:00,10
2017-10-05T15:20:08+00:00,9
2017-10-06T13:08:30+00:00,10
2017-10-11T03:21:59+00:00,11
2017-10-11T03:30:38+00:00,12
2017-10-11T03:44:09+00:00,13
2017-10-12T16:39:11+00:00,14
2017-10-14T15:52:58+00:00,15
2017-10-14T16:17:13+00:00,14
2017-10-17T09:09:01+00:00,13
2017-10-17T15:28:06+00:00,12
2017-10-23T15:00:25+00:00,13
2017-10-24T12:31:17+00:00,14
2017-10-24T15:00:49+00:00,13
2017-11-02T16:55:31+00:00,12
2017-11-03T08:02:15+00:00,11
2017-11-03T08:29:57+00:00,10
2017-11-03T11:33:21+00:00,9
2017-11-03T12:37:52+00:00,8
2017-11-07T13:34:56+00:00,9
2017-11-07T15:36:21+00:00,10
2017-11-07T16:02:00+00:00,9
2017-11-07T17:00:36+00:00,8
2017-11-15T10:37:59+00:00,9
2017-11-15T10:38:50+00:00,8
2017-11-30T14:17:34+00:00,9
2017-11-30T14:53:03+00:00,10
2017-11-30T14:57:32+00:00,9
2017-11-30T15:20:13+00:00,8
2017-12-14T14:13:12+00:00,9
2017-12-14T16:41:38+00:00,8
2017-12-14T16:57:01+00:00,9
2017-12-22T04:25:12+00:00,8
2017-12-22T13:26:54+00:00,9
2018-01-04T13:22:42+00:00,10
2018-01-05T08:20:22+00:00,9
2018-01-08T09:10:22+00:00,10
2018-01-08T16:11:16+00:00,9
2018-01-08T16:22:06+00:00,8
2018-01-10T10:46:49+00:00,9
2018-01-10T10:48:04+00:00,8
2018-01-10T11:43:50+00:00,9
2018-01-11T13:08:34+00:00,8
2018-01-12T13:01:54+00:00,9
2018-01-12T13:58:02+00:00,8
2018-01-12T16:34:04+00:00,9
2018-01-12T17:53:11+00:00,8
2018-01-18T13:20:18+00:00,9
2018-01-20T20:21:24+00:00,8
2018-01-25T18:32:08+00:00,9
2018-01-25T23:19:11+00:00,8
2018-02-06T10:58:31+00:00,9
2018-02-06T15:18:28+00:00,8
2018-02-19T15:11:37+00:00,9
2018-02-20T08:44:05+00:00,8
2018-02-23T02:53:16+00:00,9
2018-02-26T12:28:13+00:00,10
2018-02-27T09:22:02+00:00,9
2018-03-05T15:23:17+00:00,10
2018-03-05T15:53:45+00:00,9
2018-03-06T09:45:45+00:00,10
2018-03-06T12:40:56+00:00,11
2018-03-08T12:09:59+00:00,12
2018-03-08T12:57:45+00:00,13
2018-03-09T08:13:23+00:00,12
2018-03-09T12:21:31+00:00,13
2018-03-12T06:53:56+00:00,14
2018-03-12T07:49:06+00:00,13
2018-03-12T15:08:03+00:00,12
2018-03-12T22:03:21+00:00,13
2018-03-14T16:42:33+00:00,12
2018-03-14T16:46:38+00:00,11
2018-03-14T16:52:02+00:00,10
2018-03-14T17:06:23+00:00,9
2018-03-14T17:11:32+00:00,10
2018-03-14T17:41:00+00:00,9
2018-03-21T15:25:30+00:00,10
2018-03-21T16:05:43+00:00,9
2018-03-22T09:53:43+00:00,8
2018-03-23T13:33:01+00:00,9
2018-03-23T16:48:11+00:00,8
2018-03-28T14:48:12+00:00,9
2018-04-04T12:09:26+00:00,10
2018-04-05T07:52:20+00:00,11
2018-04-05T09:23:07+00:00,10
2018-04-06T16:17:45+00:00,11
2018-04-09T07:25:06+00:00,10
2018-04-10T14:14:48+00:00,11
2018-04-11T07:26:05+00:00,12
2018-04-11T09:15:58+00:00,13
2018-04-16T09:57:06+00:00,14
2018-04-16T14:46:09+00:00,13
2018-04-18T19:21:18+00:00,14
2018-04-20T08:02:59+00:00,13
2018-04-23T11:24:54+00:00,14
2018-04-23T13:17:55+00:00,15
2018-04-23T13:18:22+00:00,16
2018-04-23T13:19:31+00:00,17
2018-04-23T14:03:04+00:00,18
2018-04-23T14:17:27+00:00,17
2018-04-23T14:21:07+00:00,16
2018-04-23T14:58:18+00:00,15
2018-04-24T06:19:54+00:00,14
2018-04-24T08:10:08+00:00,13
2018-04-24T11:22:05+00:00,14
2018-04-24T11:48:37+00:00,13
2018-04-24T15:01:59+00:00,12
2018-05-03T12:44:59+00:00,13
2018-05-04T08:03:15+00:00,14
2018-05-04T10:30:33+00:00,13
2018-05-14T12:07:33+00:00,14
2018-05-14T15:32:26+00:00,13
2018-05-15T13:50:27+00:00,14
2018-05-17T05:24:15+00:00,13
2018-05-18T08:02:10+00:00,14
2018-05-18T09:35:26+00:00,13
2018-05-19T18:19:51+00:00,12
2018-05-19T21:36:46+00:00,11
2018-05-19T22:13:59+00:00,10
2018-05-28T10:55:26+00:00,11
2018-05-28T14:44:46+00:00,10
2018-05-29T05:33:41+00:00,11
2018-05-29T20:53:31+00:00,10
2018-05-30T14:15:30+00:00,11
2018-05-31T07:27:07+00:00,10
2018-06-11T14:06:36+00:00,11
2018-06-15T08:28:07+00:00,12
2018-06-15T08:34:51+00:00,11
2018-06-19T05:02:41+00:00,12
2018-06-19T05:18:36+00:00,11
2018-06-21T18:20:17+00:00,12
2018-06-25T10:50:18+00:00,13
2018-06-26T21:43:37+00:00,14
2018-06-27T13:44:28+00:00,13
2018-06-28T12:20:22+00:00,14
2018-06-28T13:05:18+00:00,13
2018-06-30T08:05:23+00:00,12
2018-06-30T12:33:59+00:00,11
2018-06-30T20:37:38+00:00,12
2018-07-03T07:49:57+00:00,13
2018-07-03T08:39:00+00:00,12
2018-07-05T15:21:42+00:00,13
2018-07-05T15:26:33+00:00,12
2018-07-12T14:53:01+00:00,11
2018-07-12T17:40:47+00:00,10
2018-07-13T19:56:19+00:00,9
2018-07-18T19:13:38+00:00,10
2018-07-19T10:49:57+00:00,11
2018-07-30T17:44:27+00:00,12
2018-08-02T08:48:27+00:00,13
2018-08-03T01:36:03+00:00,14
2018-08-03T11:59:28+00:00,15
2018-08-03T13:05:38+00:00,14
2018-08-03T14:12:58+00:00,13
2018-08-03T14:23:48+00:00,12
2018-08-03T22:04:07+00:00,11
2018-08-03T22:51:58+00:00,10
2018-08-16T14:27:14+00:00,11
2018-08-17T07:01:26+00:00,10
2018-08-17T14:06:15+00:00,11
2018-08-28T17:49:39+00:00,12
2018-08-28T20:05:46+00:00,11
2018-09-07T09:53:31+00:00,12
2018-09-07T09:54:41+00:00,11
2018-09-10T09:44:41+00:00,12
2018-09-13T13:46:06+00:00,13
2018-09-18T09:51:01+00:00,14
2018-09-18T15:30:09+00:00,13
2018-10-08T16:58:57+00:00,12
2018-10-21T21:28:20+00:00,13
2018-10-30T01:48:27+00:00,14
2018-11-04T05:36:35+00:00,15
2018-11-09T16:20:51+00:00,14
2018-11-14T15:40:52+00:00,15
2018-11-14T17:10:31+00:00,14
2018-12-03T12:19:19+00:00,15
2018-12-06T17:44:34+00:00,14
2018-12-11T00:23:22+00:00,15
2018-12-19T14:00:19+00:00,16
2018-12-21T07:24:12+00:00,15
2018-12-21T07:24:47+00:00,16
2018-12-21T07:54:51+00:00,15
2018-12-21T08:19:41+00:00,14
2018-12-21T08:48:49+00:00,13
2018-12-21T08:49:15+00:00,14
2018-12-21T10:08:52+00:00,13
2018-12-21T10:09:33+00:00,12
2018-12-21T10:37:09+00:00,11
2018-12-21T11:33:04+00:00,10
2018-12-21T11:45:37+00:00,9
2018-12-21T11:45:50+00:00,10
2018-12-21T13:10:40+00:00,9
2018-12-21T13:58:36+00:00,8
2018-12-21T14:30:44+00:00,9
2019-01-07T09:17:42+00:00,10
2019-01-07T11:49:59+00:00,9
2019-01-23T21:55:18+00:00,8
2019-01-31T15:20:23+00:00,9
2019-01-31T15:38:54+00:00,8
2019-02-05T01:43:38+00:00,9
2019-02-05T06:53:29+00:00,8
2019-02-20T19:20:30+00:00,9
2019-02-21T22:10:27+00:00,10
2019-03-03T15:38:40+00:00,9
2019-03-03T17:56:35+00:00,8
2019-03-03T18:50:57+00:00,9
2019-03-03T20:14:12+00:00,10
2019-03-03T20:52:38+00:00,11
2019-03-04T09:49:28+00:00,12
2019-03-04T10:49:28+00:00,13
2019-03-04T13:16:51+00:00,14
2019-03-05T21:36:39+00:00,15
2019-03-07T21:06:09+00:00,16
2019-03-08T11:01:07+00:00,15
2019-03-08T11:14:42+00:00,16
2019-03-08T11:16:06+00:00,15
2019-03-08T11:17:22+00:00,14
2019-03-08T11:18:49+00:00,13
2019-03-08T16:27:03+00:00,12
2019-03-19T08:30:42+00:00,13
2019-03-19T09:52:01+00:00,14
2019-03-19T13:07:07+00:00,15
2019-03-19T13:20:41+00:00,14
2019-03-19T14:33:44+00:00,15
2019-03-21T16:33:47+00:00,16
2019-04-02T08:37:56+00:00,17
2019-04-03T08:44:34+00:00,18
2019-04-03T08:47:32+00:00,17
2019-04-03T12:45:54+00:00,18
2019-04-03T18:12:04+00:00,17
2019-04-05T21:19:27+00:00,18
2019-04-05T23:26:10+00:00,17
2019-04-21T09:48:27+00:00,18
2019-04-24T19:22:21+00:00,17
2019-05-04T03:25:39+00:00,18
2019-05-06T05:55:45+00:00,17
2019-05-08T08:57:08+00:00,18
2019-05-23T17:10:30+00:00,19
2019-06-13T16:39:57+00:00,20
2019-06-14T10:11:47+00:00,19
2019-06-20T18:32:36+00:00,20
2019-06-25T16:13:13+00:00,19
2019-06-25T16:22:17+00:00,20
2019-06-25T22:23:39+00:00,21
2019-06-27T12:06:30+00:00,20
2019-07-03T16:48:37+00:00,19
2019-07-03T16:49:40+00:00,18
2019-07-03T19:45:56+00:00,17
2019-07-04T05:29:46+00:00,16
2019-07-05T12:09:13+00:00,15
2019-07-11T07:28:24+00:00,14
2019-07-11T20:30:15+00:00,13
2019-07-12T13:05:35+00:00,14
2019-07-12T13:06:09+00:00,15
2019-08-05T16:05:31+00:00,16
2019-08-09T15:06:14+00:00,15
2019-08-14T10:51:57+00:00,16
2019-08-15T11:26:14+00:00,17
2019-08-30T13:29:47+00:00,18
2019-09-20T08:58:11+00:00,19
2019-10-01T11:30:31+00:00,20
2019-10-01T15:04:55+00:00,21
2019-10-10T21:19:02+00:00,22
2019-10-14T16:23:04+00:00,21
2019-10-15T21:44:15+00:00,22
2019-10-16T09:44:11+00:00,21
2019-10-16T12:30:25+00:00,22
2019-10-16T13:33:52+00:00,21
2019-10-16T13:38:05+00:00,20
2019-10-16T14:27:28+00:00,19
2019-10-16T15:30:20+00:00,20
2019-10-16T16:22:31+00:00,21
2019-10-16T21:36:02+00:00,20
2019-10-18T08:13:45+00:00,19
2019-10-18T12:23:16+00:00,18
2019-10-18T12:23:46+00:00,19
2019-10-18T14:08:00+00:00,18
2019-10-18T14:11:44+00:00,17
2019-10-18T14:23:33+00:00,16
2019-10-18T15:17:45+00:00,15
2019-10-18T17:10:38+00:00,16
2019-10-25T14:09:40+00:00,15
2019-10-28T13:50:58+00:00,14
2019-10-28T15:45:12+00:00,15
2019-11-05T16:55:31+00:00,14
2019-11-05T16:56:32+00:00,13
2019-11-08T22:59:47+00:00,12
2019-11-11T13:33:20+00:00,13
2019-11-11T16:44:25+00:00,12
2019-11-12T10:21:26+00:00,13
2019-11-14T08:39:28+00:00,14
2019-11-14T12:20:43+00:00,13
2019-11-14T17:13:50+00:00,14
2019-11-15T09:46:31+00:00,15
2019-11-15T09:46:50+00:00,14
2019-11-15T16:37:03+00:00,13
2019-11-19T15:53:43+00:00,12
2019-11-19T21:30:44+00:00,11
2019-11-26T05:55:38+00:00,12
2019-12-04T12:34:27+00:00,13
2019-12-04T14:34:56+00:00,12
2019-12-12T11:15:49+00:00,13
2019-12-18T13:25:21+00:00,14
2019-12-20T13:20:07+00:00,15
2020-01-06T03:12:58+00:00,16
2020-01-14T00:58:48+00:00,15
2020-01-25T04:02:10+00:00,16
2020-01-28T13:16:42+00:00,17
2020-02-07T20:52:05+00:00,18
2020-02-13T18:14:38+00:00,19
2020-02-13T19:58:20+00:00,18
2020-02-14T12:39:07+00:00,19
2020-02-16T08:32:07+00:00,18
2020-02-17T12:22:20+00:00,19
2020-02-17T16:10:10+00:00,20
2020-02-19T20:01:32+00:00,21
2020-03-03T16:45:15+00:00,22
2020-03-03T16:58:31+00:00,23
2020-03-03T17:17:40+00:00,22
2020-03-03T23:36:09+00:00,23
2020-03-04T04:57:11+00:00,24
2020-03-05T17:00:46+00:00,25
2020-03-09T09:40:39+00:00,26
2020-03-11T09:36:28+00:00,27
2020-03-16T22:07:05+00:00,28
2020-03-17T06:10:26+00:00,27
2020-03-19T11:00:12+00:00,28
2020-03-20T11:03:00+00:00,29
2020-03-20T11:14:03+00:00,28
2020-03-24T23:00:23+00:00,29
2020-03-27T04:56:54+00:00,30
2020-03-29T03:45:17+00:00,31
2020-03-29T14:57:41+00:00,32
2020-03-31T09:11:36+00:00,33
2020-03-31T09:20:33+00:00,32
2020-03-31T10:35:39+00:00,33
2020-03-31T10:44:33+00:00,32
2020-04-01T07:54:56+00:00,33
2020-04-02T00:55:22+00:00,34
2020-04-02T14:00:13+00:00,33
2020-04-02T14:55:13+00:00,32
2020-04-02T14:58:14+00:00,33
2020-04-03T16:14:09+00:00,34
2020-04-03T16:59:15+00:00,35
2020-04-06T09:31:21+00:00,34
2020-04-06T14:02:21+00:00,33
2020-04-07T20:22:06+00:00,34
2020-04-08T14:49:57+00:00,35
2020-04-17T16:47:35+00:00,36
2020-04-18T17:52:27+00:00,37
2020-04-20T12:58:20+00:00,36
2020-04-20T14:36:18+00:00,35
2020-04-20T15:28:17+00:00,34
2020-04-20T15:45:35+00:00,33
2020-04-20T15:53:34+00:00,32
2020-04-20T16:01:50+00:00,31
2020-04-20T16:42:11+00:00,30
2020-04-20T19:56:58+00:00,31
2020-04-21T20:18:50+00:00,30
2020-04-21T20:22:41+00:00,29
2020-04-21T20:24:10+00:00,28
2020-04-21T20:29:55+00:00,27
2020-04-22T05:27:56+00:00,28
2020-04-23T19:15:09+00:00,29
2020-04-27T06:57:08+00:00,30
2020-04-27T17:07:17+00:00,29
2020-04-27T17:14:50+00:00,28
2020-04-28T15:23:58+00:00,27
2020-04-28T16:12:02+00:00,26
2020-04-29T07:40:51+00:00,25
2020-04-29T15:33:15+00:00,24
2020-04-29T16:09:14+00:00,23
2020-04-29T16:17:42+00:00,22
2020-04-30T09:48:11+00:00,21
2020-04-30T11:29:28+00:00,20
2020-04-30T11:48:55+00:00,19
2020-04-30T13:19:52+00:00,18
2020-04-30T14:43:06+00:00,19
2020-04-30T15:52:39+00:00,18
2020-04-30T21:11:58+00:00,17
2020-05-01T17:00:42+00:00,18
2020-05-04T07:19:01+00:00,17
2020-05-04T09:05:11+00:00,16
2020-05-04T10:37:58+00:00,15
2020-05-04T15:27:18+00:00,14
2020-05-04T15:47:28+00:00,13
2020-05-06T07:38:36+00:00,14
2020-05-07T14:03:48+00:00,15
2020-05-07T16:24:24+00:00,16
2020-05-07T16:49:22+00:00,15
2020-05-11T20:25:53+00:00,14
2020-05-11T20:55:43+00:00,13
2020-05-12T12:43:03+00:00,14
2020-05-13T20:46:21+00:00,15
2020-05-14T07:12:46+00:00,14
2020-05-15T11:35:14+00:00,15
2020-05-15T11:42:34+00:00,14
2020-05-19T15:12:03+00:00,13
2020-05-20T09:00:29+00:00,12
2020-05-20T10:31:23+00:00,13
2020-05-20T10:51:36+00:00,14
2020-05-20T12:31:49+00:00,13
2020-05-20T18:21:34+00:00,12
2020-05-23T12:08:28+00:00,11
2020-05-25T16:00:00+00:00,10
2020-05-27T09:31:58+00:00,11
2020-05-27T09:33:34+00:00,10
2020-05-27T13:36:00+00:00,11
2020-05-28T10:59:16+00:00,12
2020-05-28T12:38:06+00:00,13
2020-05-28T18:55:26+00:00,14
2020-05-28T21:24:21+00:00,13
2020-05-28T23:01:09+00:00,14
2020-05-29T14:29:29+00:00,13
2020-05-29T22:06:02+00:00,12
2020-05-29T22:58:02+00:00,13
2020-05-30T00:05:21+00:00,12
2020-05-30T08:34:46+00:00,11
2020-05-30T11:30:26+00:00,12
2020-05-31T21:26:36+00:00,11
2020-06-01T11:47:59+00:00,12
2020-06-01T15:35:34+00:00,11
2020-06-03T09:00:10+00:00,12
2020-06-03T10:09:37+00:00,11
2020-06-04T08:44:28+00:00,12
2020-06-04T09:57:08+00:00,11
2020-06-05T11:59:13+00:00,12
2020-06-10T08:32:47+00:00,13
2020-06-10T14:47:11+00:00,14
2020-06-16T07:38:55+00:00,13
2020-06-16T11:42:19+00:00,14
2020-06-19T19:29:20+00:00,15
2020-06-24T06:43:43+00:00,16
2020-06-29T21:08:10+00:00,17
2020-06-30T08:49:25+00:00,18
2020-06-30T08:58:22+00:00,17
2020-06-30T19:37:17+00:00,18
2020-07-06T10:34:29+00:00,19
2020-07-06T10:34:51+00:00,18
2020-07-10T14:14:06+00:00,19
2020-07-15T23:31:47+00:00,20
2020-07-16T17:50:41+00:00,21
2020-07-23T09:21:31+00:00,20
2020-08-17T23:24:15+00:00,21
2020-08-18T15:21:15+00:00,22
2020-08-20T10:18:38+00:00,23
2020-08-22T14:16:18+00:00,22
2020-09-02T18:53:38+00:00,23
2020-09-08T14:21:48+00:00,24
2020-09-09T09:06:15+00:00,25
2020-09-11T20:48:51+00:00,26
2020-09-14T13:53:38+00:00,27
2020-09-25T18:18:25+00:00,28
2020-09-26T19:36:29+00:00,29
2020-09-28T17:40:06+00:00,30
2020-09-28T20:48:17+00:00,31
2020-09-29T05:54:29+00:00,30
2020-09-29T05:57:18+00:00,29
2020-09-29T14:46:29+00:00,30
2020-09-29T15:43:15+00:00,29
2020-09-30T07:16:08+00:00,28
2020-09-30T07:17:19+00:00,27
2020-10-01T14:01:46+00:00,28
2020-10-02T18:03:59+00:00,29
2020-10-07T04:45:47+00:00,30
2020-10-07T07:46:53+00:00,31
2020-10-07T13:08:44+00:00,32
2020-10-08T04:55:49+00:00,31
2020-10-08T21:07:54+00:00,32
2020-10-23T09:31:18+00:00,33
2020-10-23T12:43:14+00:00,34
2020-10-23T20:49:18+00:00,35
2020-10-31T02:36:05+00:00,36
2020-11-03T08:33:54+00:00,37
2020-11-11T15:24:44+00:00,38
2020-11-11T21:30:11+00:00,37
2020-11-11T21:36:51+00:00,36
2020-11-11T21:44:26+00:00,35
2020-11-11T21:58:46+00:00,34
2020-11-11T22:14:39+00:00,33
2020-11-11T22:21:32+00:00,32
2020-11-11T22:50:46+00:00,31
2020-11-12T00:11:35+00:00,30
2020-11-12T09:47:31+00:00,31
2020-11-16T06:50:24+00:00,32
2020-11-16T06:52:44+00:00,33
2020-11-16T09:58:43+00:00,34
2020-11-18T09:57:54+00:00,35
2020-11-18T10:09:51+00:00,34
2020-11-19T09:32:21+00:00,35
2020-12-04T10:24:48+00:00,36
2020-12-16T07:59:17+00:00,37
2020-12-17T15:58:55+00:00,38
2020-12-29T23:38:14+00:00,39
2020-12-29T23:48:11+00:00,38
2020-12-30T00:24:17+00:00,39
2020-12-30T00:36:21+00:00,38
2021-01-05T18:17:25+00:00,39
2021-01-07T02:26:29+00:00,40
2021-01-11T20:12:19+00:00,39
2021-01-12T08:38:58+00:00,38
2021-01-12T19:15:11+00:00,37
2021-01-12T19:24:44+00:00,36
2021-01-15T13:19:50+00:00,35
2021-01-16T18:28:02+00:00,36
2021-01-18T13:17:05+00:00,35
2021-01-19T23:52:20+00:00,34
2021-01-30T20:09:54+00:00,35
2021-02-03T12:34:25+00:00,34
2021-02-05T21:01:24+00:00,35
2021-02-13T04:45:27+00:00,36
2021-02-18T02:55:06+00:00,37
2021-02-18T02:59:24+00:00,36
2021-02-23T17:21:11+00:00,37
2021-02-24T00:57:57+00:00,38
2021-02-24T11:23:10+00:00,39
2021-03-04T13:48:18+00:00,38
2021-03-04T21:29:33+00:00,37
2021-03-04T22:55:19+00:00,38
2021-03-04T23:02:51+00:00,37
2021-03-04T23:30:17+00:00,36
2021-03-04T23:36:38+00:00,35
2021-03-04T23:40:08+00:00,34
2021-03-04T23:44:17+00:00,33
2021-03-05T00:12:34+00:00,32
2021-03-05T18:04:47+00:00,33
2021-03-05T22:19:01+00:00,32
2021-03-05T22:58:18+00:00,31
2021-03-05T23:32:41+00:00,30
2021-03-06T20:44:07+00:00,31
2021-03-06T22:13:48+00:00,30
2021-03-07T22:32:44+00:00,29
2021-03-07T22:50:08+00:00,28
2021-03-07T23:20:50+00:00,27
2021-03-08T00:31:24+00:00,26
2021-03-08T12:52:35+00:00,27
2021-03-08T13:16:29+00:00,26
2021-03-26T12:14:32+00:00,27
2021-03-29T22:14:11+00:00,26
2021-04-01T16:09:12+00:00,27
2021-04-01T19:26:11+00:00,26
2021-04-21T14:23:42+00:00,27
2021-04-24T20:00:59+00:00,26
2021-04-26T13:02:04+00:00,25
2021-04-26T18:55:50+00:00,26
2021-04-27T13:11:55+00:00,27
2021-04-27T13:44:11+00:00,26
2021-04-27T14:07:19+00:00,27
2021-04-29T08:30:48+00:00,26
2021-05-04T04:29:03+00:00,25
2021-05-04T04:34:41+00:00,26
2021-05-05T10:42:11+00:00,27
2021-05-05T10:52:38+00:00,26
2021-05-21T23:34:09+00:00,27
2021-05-22T02:11:42+00:00,28
2021-05-27T14:36:49+00:00,29
2021-06-10T20:06:04+00:00,30
2021-06-14T12:25:19+00:00,31
2021-06-14T13:00:51+00:00,32
2021-06-15T12:10:41+00:00,33
2021-06-15T14:39:56+00:00,34
2021-06-15T21:18:40+00:00,33
2021-06-15T21:37:06+00:00,32
2021-06-15T21:53:21+00:00,31
2021-06-15T21:59:36+00:00,30
2021-06-15T22:25:48+00:00,29
2021-06-18T08:53:15+00:00,30
2021-06-18T10:25:24+00:00,31
2021-06-21T15:04:28+00:00,30
2021-06-24T18:49:59+00:00,29
2021-06-24T22:51:46+00:00,28
2021-06-26T12:46:24+00:00,29
2021-06-28T08:13:49+00:00,30
2021-06-28T09:18:17+00:00,29
2021-06-28T18:26:22+00:00,28
2021-06-29T09:09:34+00:00,27
2021-06-29T14:59:00+00:00,26
2021-06-29T15:13:14+00:00,27
2021-06-29T18:01:44+00:00,26
2021-06-29T21:38:21+00:00,25
2021-06-30T08:49:15+00:00,24
2021-06-30T09:30:04+00:00,25
2021-06-30T12:39:26+00:00,26
2021-06-30T13:21:38+00:00,25
2021-06-30T13:26:50+00:00,26
2021-06-30T14:35:15+00:00,27
2021-06-30T15:12:41+00:00,28
2021-06-30T20:21:52+00:00,27
2021-06-30T20:43:55+00:00,26
2021-06-30T21:00:44+00:00,25
2021-07-01T10:13:06+00:00,24
2021-07-01T23:14:44+00:00,23
2021-07-02T11:41:13+00:00,22
2021-07-02T14:37:26+00:00,23
2021-07-02T17:51:43+00:00,24
2021-07-02T18:48:03+00:00,23
2021-07-02T21:37:52+00:00,22
2021-07-02T22:54:09+00:00,21
2021-07-02T23:19:48+00:00,20
2021-07-02T23:19:49+00:00,19
2021-07-02T23:24:40+00:00,18
2021-07-03T22:46:48+00:00,17
2021-07-05T13:24:27+00:00,18
2021-07-07T03:10:52+00:00,19
2021-07-07T13:22:21+00:00,20
2021-07-07T17:27:08+00:00,19
2021-07-10T20:35:23+00:00,20
2021-07-12T10:36:49+00:00,21
2021-07-16T19:43:19+00:00,22
2021-07-17T10:26:23+00:00,23
2021-07-17T10:56:48+00:00,24
2021-07-17T21:10:26+00:00,25
2021-07-19T12:19:37+00:00,26
2021-07-19T19:40:45+00:00,27
2021-07-19T19:41:01+00:00,26
2021-07-23T21:03:38+00:00,27
2021-07-30T15:01:53+00:00,28
2021-08-05T21:55:27+00:00,29
2021-08-06T15:34:44+00:00,30
2021-08-07T02:13:29+00:00,31
2021-08-09T23:16:37+00:00,32
2021-08-10T09:44:46+00:00,33
2021-08-10T12:06:49+00:00,32
2021-08-12T14:02:29+00:00,33
2021-08-12T21:10:06+00:00,32
2021-08-13T04:16:17+00:00,33
2021-08-16T14:44:43+00:00,34
2021-08-17T07:13:54+00:00,35
2021-08-17T10:19:26+00:00,36
2021-08-17T14:01:10+00:00,37
2021-08-18T11:59:38+00:00,38
2021-08-18T12:54:32+00:00,39
2021-08-18T13:30:21+00:00,40
2021-08-19T09:15:41+00:00,41
2021-08-19T13:45:45+00:00,42
2021-08-19T15:59:31+00:00,43
2021-09-04T02:25:36+00:00,44
2021-09-17T12:51:14+00:00,45
2021-09-17T12:53:35+00:00,46
2021-10-11T07:43:15+00:00,45
2021-10-11T20:19:26+00:00,46
2021-10-20T17:19:30+00:00,47
2021-10-23T15:33:53+00:00,48
2021-10-27T17:52:50+00:00,49
2021-11-01T08:30:39+00:00,50
2021-11-02T03:55:25+00:00,51
2021-11-06T19:09:14+00:00,52
2021-11-06T19:13:33+00:00,53
2021-11-06T19:28:07+00:00,54
2021-11-07T18:10:41+00:00,55
2021-11-07T18:38:16+00:00,54
2021-11-07T18:54:34+00:00,53
2021-11-07T20:51:21+00:00,52
2021-11-07T21:38:47+00:00,51
2021-11-07T21:58:59+00:00,50
2021-11-07T22:07:22+00:00,49
2021-11-07T22:20:32+00:00,48
2021-11-07T22:30:23+00:00,47
2021-11-07T22:40:11+00:00,46
2021-11-07T22:46:36+00:00,45
2021-11-07T22:52:42+00:00,44
2021-11-07T23:04:58+00:00,43
2021-11-07T23:53:20+00:00,44
2021-11-09T13:24:09+00:00,43
2021-11-09T21:01:48+00:00,42
2021-11-09T21:51:59+00:00,41
2021-11-09T21:58:19+00:00,40
2021-11-09T22:24:06+00:00,39
2021-11-09T23:13:50+00:00,38
2021-11-10T09:19:32+00:00,37
2021-11-10T10:15:34+00:00,36
2021-11-10T10:54:23+00:00,35
2021-11-10T12:53:23+00:00,34
2021-11-12T17:32:32+00:00,35
2021-11-13T20:06:58+00:00,34
2021-11-15T04:48:18+00:00,35
2021-11-15T20:00:30+00:00,36
2021-11-15T21:33:17+00:00,35
2021-11-15T21:54:16+00:00,34
2021-11-15T22:57:23+00:00,33
2021-11-17T17:10:02+00:00,34
2021-11-18T18:53:44+00:00,35
2021-11-19T18:46:24+00:00,36
2021-11-22T08:29:56+00:00,37
2021-11-22T22:46:32+00:00,38
2021-11-23T15:19:44+00:00,39
2021-11-25T23:46:26+00:00,40
2021-11-26T19:51:11+00:00,39
2021-12-13T07:24:11+00:00,40
2021-12-13T12:06:43+00:00,41
2021-12-13T12:49:32+00:00,40
2021-12-16T19:14:03+00:00,41
2021-12-18T20:28:13+00:00,40
2021-12-25T13:56:37+00:00,41
2021-12-28T07:32:27+00:00,40
2022-01-05T11:16:10+00:00,41
2022-01-15T16:08:33+00:00,40
2022-01-15T20:07:49+00:00,39
2022-01-15T20:29:03+00:00,38
2022-01-15T20:41:44+00:00,37
2022-01-20T10:55:25+00:00,38
2022-01-25T10:35:50+00:00,37
2022-01-25T11:00:18+00:00,36
2022-01-25T13:03:14+00:00,35
2022-01-25T13:08:53+00:00,34
2022-01-25T13:16:31+00:00,33
2022-01-25T14:09:16+00:00,32
2022-01-28T12:10:39+00:00,31
2022-01-31T11:07:12+00:00,30
2022-02-01T09:59:40+00:00,31
2022-02-01T10:30:08+00:00,30
2022-02-03T12:40:58+00:00,29
2022-02-03T13:42:46+00:00,28
2022-02-04T23:30:49+00:00,29
2022-02-07T16:12:50+00:00,28
2022-02-11T14:53:06+00:00,29
2022-02-12T16:46:56+00:00,30
2022-02-15T13:31:15+00:00,31
2022-02-17T09:59:47+00:00,32
2022-02-23T15:30:21+00:00,33
2022-02-23T19:46:43+00:00,34
2022-02-25T05:29:52+00:00,35
2022-03-01T17:36:02+00:00,36
2022-03-03T12:08:43+00:00,35
2022-03-07T18:09:43+00:00,34
2022-03-10T14:46:16+00:00,35
2022-03-10T14:58:22+00:00,34
2022-03-15T14:35:30+00:00,35
2022-03-17T13:10:17+00:00,34
2022-03-17T13:10:48+00:00,33
2022-03-17T13:11:45+00:00,32
2022-03-21T12:39:13+00:00,33
2022-03-30T21:33:10+00:00,34
2022-03-31T07:15:14+00:00,35
2022-04-01T08:58:56+00:00,36
2022-04-01T09:04:39+00:00,35
2022-04-01T09:09:06+00:00,34
2022-04-04T11:00:46+00:00,33
2022-04-04T11:24:50+00:00,34
2022-04-04T13:45:42+00:00,33
2022-04-04T13:49:41+00:00,32
2022-04-08T13:26:59+00:00,33
2022-04-09T02:41:41+00:00,34
2022-04-10T15:11:46+00:00,35
2022-04-15T14:01:52+00:00,36
2022-04-16T04:08:11+00:00,37
2022-04-16T06:49:45+00:00,36
2022-05-07T21:54:39+00:00,37
2022-05-10T14:53:55+00:00,36
2022-05-20T07:14:50+00:00,37
2022-05-23T10:26:08+00:00,38
2022-05-23T11:25:09+00:00,37
2022-05-28T18:33:33+00:00,36
2022-05-30T18:20:23+00:00,37
2022-05-31T07:40:38+00:00,36
2022-05-31T07:42:50+00:00,35
2022-06-05T14:33:41+00:00,36
2022-06-07T05:11:22+00:00,37
2022-06-07T07:07:55+00:00,38
2022-06-13T10:00:31+00:00,39
2022-06-13T10:01:56+00:00,38
2022-06-13T10:03:52+00:00,39
2022-06-16T12:18:34+00:00,40
2022-06-20T11:19:26+00:00,41
2022-06-20T13:54:31+00:00,40
2022-06-23T12:28:29+00:00,39
2022-06-23T12:38:26+00:00,40
2022-06-23T15:44:44+00:00,41
2022-06-27T08:51:13+00:00,40
2022-06-27T09:24:51+00:00,41
2022-06-27T09:54:47+00:00,40
2022-07-01T11:24:05+00:00,41
2022-07-01T13:29:47+00:00,40
2022-07-06T14:41:23+00:00,41
2022-07-07T14:37:20+00:00,40
2022-07-12T09:05:15+00:00,41
2022-07-16T07:00:34+00:00,42
2022-07-17T18:59:07+00:00,41
2022-07-19T23:56:12+00:00,42
2022-07-20T12:26:40+00:00,43
2022-07-20T13:34:47+00:00,44
2022-07-20T17:47:47+00:00,43
2022-07-20T22:50:05+00:00,42
2022-07-26T10:38:46+00:00,43
2022-07-26T18:21:43+00:00,44
2022-08-01T12:40:45+00:00,45
2022-08-09T07:34:44+00:00,46
2022-08-09T23:51:45+00:00,47
2022-08-10T05:57:46+00:00,48
2022-08-11T12:02:32+00:00,49
2022-08-14T22:53:19+00:00,50
2022-08-14T23:08:04+00:00,51
2022-08-17T12:33:08+00:00,52
2022-08-18T08:16:22+00:00,51
2022-08-30T09:20:42+00:00,52
2022-09-01T09:28:34+00:00,53
2022-09-08T21:30:17+00:00,54
2022-09-08T21:30:36+00:00,53
2022-09-09T22:15:50+00:00,52
2022-09-09T22:21:04+00:00,51
2022-09-09T22:26:15+00:00,50
2022-09-09T22:35:41+00:00,49
2022-09-09T22:41:47+00:00,48
2022-09-09T22:43:05+00:00,49
2022-09-09T22:43:16+00:00,48
2022-09-09T22:47:30+00:00,47
2022-09-09T22:55:07+00:00,46
2022-09-09T23:01:09+00:00,45
2022-09-09T23:05:19+00:00,46
2022-09-09T23:08:33+00:00,47
2022-09-09T23:09:04+00:00,46
2022-09-10T17:59:20+00:00,45
2022-09-10T18:09:46+00:00,46
2022-09-10T18:52:01+00:00,45
2022-09-21T02:32:46+00:00,46
2022-09-27T15:50:18+00:00,47
2022-09-27T17:11:29+00:00,46
2022-10-10T15:26:45+00:00,47
2022-10-10T15:59:26+00:00,46
2022-10-13T14:52:33+00:00,47
2022-10-30T16:21:03+00:00,48
2022-10-30T16:23:31+00:00,47
2022-10-31T19:02:26+00:00,48
2022-11-04T09:55:57+00:00,47
2022-11-08T14:54:46+00:00,48
2022-11-09T11:54:57+00:00,49
2022-11-10T12:52:50+00:00,50
2022-11-11T09:43:32+00:00,51
2022-11-13T21:52:57+00:00,52
2022-11-14T09:00:51+00:00,51
2022-11-22T16:33:47+00:00,52
2022-11-23T00:53:04+00:00,53
2022-11-23T09:20:59+00:00,54
2022-11-26T09:43:57+00:00,53
2022-11-26T11:14:24+00:00,52
2022-11-26T11:16:26+00:00,51
2022-11-26T11:25:30+00:00,50
2022-11-26T11:30:27+00:00,49
2022-11-26T11:41:28+00:00,48
2022-11-29T01:37:50+00:00,49
2022-11-30T15:12:57+00:00,48
2022-12-07T10:38:05+00:00,49
2022-12-07T16:35:27+00:00,50
2022-12-08T11:08:03+00:00,51
2022-12-09T11:45:04+00:00,52
2022-12-09T12:14:18+00:00,51
2022-12-09T15:10:32+00:00,52
2022-12-13T05:52:18+00:00,53
2022-12-14T17:54:52+00:00,54
2022-12-14T20:25:26+00:00,53
2022-12-15T22:49:47+00:00,52
2022-12-15T22:54:33+00:00,51
2022-12-15T23:07:19+00:00,52
2022-12-15T23:07:54+00:00,51
2022-12-15T23:07:56+00:00,50
2022-12-15T23:43:31+00:00,49
2022-12-15T23:47:53+00:00,50
2022-12-16T11:00:05+00:00,51
2022-12-16T14:39:57+00:00,50
2022-12-16T14:50:27+00:00,51
2022-12-16T15:04:39+00:00,50
2022-12-16T15:48:06+00:00,51
2022-12-16T20:12:32+00:00,50
2022-12-18T20:31:45+00:00,49
2022-12-19T14:17:36+00:00,50
2022-12-19T14:17:57+00:00,51
2022-12-19T14:18:26+00:00,52
2022-12-20T22:48:01+00:00,53
2022-12-21T00:29:17+00:00,52
2022-12-21T00:29:20+00:00,51
2022-12-22T00:14:52+00:00,50
2022-12-22T00:14:55+00:00,49
2022-12-22T00:32:45+00:00,48
2022-12-25T22:46:59+00:00,47
2022-12-27T14:25:36+00:00,48
2022-12-27T16:13:51+00:00,47
2022-12-30T10:42:17+00:00,48
2022-12-30T20:19:15+00:00,47
2022-12-30T21:08:12+00:00,46
2022-12-30T21:16:13+00:00,47
2022-12-31T00:29:13+00:00,46
2022-12-31T23:43:16+00:00,45
2022-12-31T23:58:51+00:00,44
2023-01-01T00:03:39+00:00,43
2023-01-01T00:35:17+00:00,42
2023-01-01T00:41:28+00:00,43
2023-01-01T00:41:37+00:00,42
2023-01-01T01:06:41+00:00,41
2023-01-01T01:17:07+00:00,40
2023-01-01T01:59:35+00:00,39
2023-01-01T23:12:56+00:00,40
2023-01-02T11:25:31+00:00,39
2023-01-02T11:25:34+00:00,38
2023-01-03T00:00:35+00:00,39
2023-01-03T00:01:01+00:00,38
2023-01-03T02:03:30+00:00,39
2023-01-03T06:49:39+00:00,38
2023-01-06T21:41:12+00:00,39
2023-01-06T21:56:10+00:00,38
2023-01-07T19:53:44+00:00,37
2023-01-07T22:30:37+00:00,36
2023-01-07T23:09:46+00:00,35
2023-01-07T23:24:08+00:00,34
2023-01-08T00:08:45+00:00,33
2023-01-10T15:27:46+00:00,34
2023-01-15T21:27:57+00:00,33
2023-01-15T22:48:56+00:00,34
2023-01-16T05:50:04+00:00,33
2023-02-02T09:49:57+00:00,34
2023-02-02T16:50:29+00:00,35
2023-02-03T14:42:30+00:00,36
2023-02-06T17:10:04+00:00,37
2023-02-06T21:20:12+00:00,36
2023-02-08T13:54:49+00:00,35
2023-03-05T13:01:27+00:00,36
2023-03-05T16:04:41+00:00,35
2023-03-08T10:28:20+00:00,36
2023-03-09T11:07:04+00:00,37
2023-03-09T12:00:21+00:00,36
2023-03-09T15:46:21+00:00,37
2023-03-09T19:50:00+00:00,36
2023-03-10T16:44:35+00:00,37
2023-03-17T01:02:36+00:00,36
2023-03-20T22:49:46+00:00,37
2023-03-20T23:46:25+00:00,36
2023-03-20T23:47:24+00:00,37
2023-03-20T23:58:17+00:00,36
2023-03-24T22:32:48+00:00,37
2023-03-31T09:51:47+00:00,38
2023-03-31T10:00:29+00:00,37
2023-04-13T09:48:44+00:00,38
2023-04-14T05:55:03+00:00,39
2023-04-14T09:45:19+00:00,40
2023-04-21T13:42:49+00:00,39
2023-04-24T15:00:38+00:00,40
2023-04-25T09:24:28+00:00,41
2023-04-25T10:33:44+00:00,42
2023-04-25T11:08:19+00:00,43
2023-04-25T12:08:42+00:00,44
2023-04-25T12:29:28+00:00,45
2023-04-25T12:42:29+00:00,46
2023-05-21T21:17:15+00:00,45
2023-05-23T11:53:01+00:00,46
2023-05-24T08:18:01+00:00,47
2023-05-25T17:30:38+00:00,48
2023-05-29T11:35:57+00:00,49
2023-06-13T08:27:06+00:00,50
2023-06-16T14:55:17+00:00,51
2023-06-16T20:18:13+00:00,52
2023-06-16T20:18:40+00:00,51
2023-06-16T20:33:23+00:00,50
2023-06-25T10:35:33+00:00,51
2023-07-01T12:48:06+00:00,52
2023-07-04T17:07:56+00:00,53
2023-07-13T13:52:46+00:00,54
2023-07-24T04:13:40+00:00,55
2023-07-25T12:42:22+00:00,56
2023-07-28T08:31:48+00:00,57
2023-07-28T22:31:31+00:00,56
2023-07-29T13:07:56+00:00,57
2023-07-29T13:15:54+00:00,56
2023-07-30T18:32:38+00:00,55
2023-07-30T18:37:16+00:00,54
2023-07-30T18:49:29+00:00,53
2023-07-30T18:50:08+00:00,52
2023-08-03T22:46:53+00:00,51
2023-08-03T23:23:33+00:00,50
2023-08-04T19:05:00+00:00,51
2023-08-04T19:27:32+00:00,52
2023-08-04T21:43:56+00:00,51
2023-08-09T03:23:27+00:00,52
2023-08-09T11:02:34+00:00,51
2023-08-09T13:05:35+00:00,52
2023-08-09T15:17:34+00:00,53
2023-08-11T00:27:57+00:00,54
2023-08-11T15:38:59+00:00,55
2023-08-11T16:59:13+00:00,56
2023-08-14T13:23:22+00:00,57
2023-08-15T12:47:59+00:00,58
2023-08-15T17:11:42+00:00,59
2023-08-15T20:49:53+00:00,60
2023-08-15T21:15:16+00:00,59
2023-08-15T21:15:51+00:00,58
2023-08-16T08:51:24+00:00,59
2023-08-16T14:23:28+00:00,58
2023-08-16T14:30:55+00:00,59
2023-08-16T22:17:06+00:00,58
2023-08-16T22:26:36+00:00,57
2023-08-17T05:28:12+00:00,58
2023-08-17T05:34:11+00:00,57
2023-08-17T05:45:40+00:00,56
2023-08-17T06:58:49+00:00,55
2023-08-17T07:08:20+00:00,54
2023-08-17T19:21:14+00:00,55
2023-08-18T13:59:51+00:00,56
2023-08-18T14:24:58+00:00,57
2023-08-18T23:33:15+00:00,56
2023-08-21T17:17:10+00:00,57
2023-08-21T18:25:39+00:00,58
2023-08-22T15:56:01+00:00,59
2023-08-23T14:35:22+00:00,60
2023-08-23T14:48:27+00:00,59
2023-08-23T16:00:04+00:00,60
2023-08-23T18:58:52+00:00,59
2023-08-24T09:00:06+00:00,60
2023-08-24T09:36:02+00:00,59
2023-08-24T16:12:10+00:00,60
2023-08-24T19:02:26+00:00,59
2023-08-24T20:21:50+00:00,58
2023-08-25T09:31:34+00:00,57
2023-08-25T12:51:41+00:00,56
2023-08-25T13:49:07+00:00,55
2023-08-25T14:11:02+00:00,56
2023-08-25T14:11:15+00:00,55
2023-08-25T17:51:32+00:00,56
2023-08-25T21:06:40+00:00,57
2023-08-27T20:02:54+00:00,56
2023-08-28T08:48:28+00:00,57
2023-08-28T09:40:57+00:00,56
2023-08-28T11:09:57+00:00,55
2023-08-28T11:58:46+00:00,54
2023-08-28T12:04:47+00:00,55
2023-08-28T12:20:23+00:00,54
2023-08-28T12:20:25+00:00,55
2023-08-28T12:37:12+00:00,54
2023-08-28T22:13:05+00:00,53
2023-08-29T06:11:06+00:00,54
2023-08-29T08:49:49+00:00,53
2023-08-30T12:05:45+00:00,54
2023-08-30T12:32:26+00:00,53
2023-08-30T20:01:11+00:00,54
2023-08-31T09:46:59+00:00,55
2023-08-31T10:05:56+00:00,54
2023-08-31T10:37:42+00:00,53
2023-08-31T10:54:21+00:00,52
2023-08-31T11:41:11+00:00,51
2023-08-31T12:23:28+00:00,52
2023-08-31T12:36:50+00:00,53
2023-08-31T13:58:40+00:00,54
2023-08-31T15:54:49+00:00,53
2023-08-31T16:37:25+00:00,52
2023-09-01T12:57:22+00:00,53
2023-09-01T12:57:37+00:00,52
2023-09-03T14:04:48+00:00,53
2023-09-03T14:30:14+00:00,54
2023-09-03T19:54:20+00:00,53
2023-09-04T12:58:28+00:00,52
2023-09-04T13:14:18+00:00,51
2023-09-04T17:44:28+00:00,52
2023-09-04T18:53:32+00:00,53
2023-09-04T20:10:12+00:00,52
2023-09-04T21:10:07+00:00,53
2023-09-04T21:17:59+00:00,52
2023-09-06T17:37:14+00:00,53
2023-09-11T11:36:36+00:00,54
2023-09-11T12:01:58+00:00,53
2023-09-11T20:21:27+00:00,54
2023-09-11T22:43:43+00:00,55
2023-09-12T15:14:04+00:00,54
2023-09-13T09:43:45+00:00,53
2023-09-13T11:39:20+00:00,54
2023-09-14T08:02:16+00:00,55
2023-09-14T09:59:01+00:00,54
2023-09-14T10:31:28+00:00,53
2023-09-14T10:38:39+00:00,52
2023-09-14T10:40:28+00:00,53
2023-09-14T11:21:57+00:00,54
2023-09-14T11:36:36+00:00,53
2023-09-14T13:03:46+00:00,52
2023-09-14T21:38:25+00:00,51
2023-09-14T21:56:51+00:00,50
2023-09-14T22:29:13+00:00,49
2023-09-14T22:54:51+00:00,50
2023-09-17T20:14:59+00:00,51
2023-09-17T21:56:43+00:00,52
2023-09-18T09:19:09+00:00,51
2023-09-18T14:34:43+00:00,52
2023-09-18T15:02:28+00:00,53
2023-09-19T08:09:00+00:00,54
2023-09-19T10:21:38+00:00,55
2023-09-19T10:34:59+00:00,56
2023-09-19T11:47:13+00:00,57
2023-09-19T12:32:43+00:00,56
2023-09-19T15:13:43+00:00,55
2023-09-20T14:35:52+00:00,56
2023-09-20T14:43:56+00:00,55
2023-09-20T16:04:59+00:00,56
2023-09-20T17:26:12+00:00,57
2023-09-21T08:41:09+00:00,58
2023-09-21T09:27:17+00:00,57
2023-09-21T09:31:29+00:00,56
2023-09-21T09:35:26+00:00,55
2023-09-21T09:42:01+00:00,54
2023-09-21T09:53:56+00:00,53
2023-09-21T17:08:57+00:00,52
2023-09-21T17:29:29+00:00,53
2023-09-21T17:32:27+00:00,52
2023-09-21T17:47:47+00:00,53
2023-09-21T19:50:21+00:00,52
2023-09-22T07:38:59+00:00,51
2023-09-22T07:43:08+00:00,50
2023-09-22T08:05:10+00:00,51
2023-09-22T08:18:19+00:00,50
2023-09-22T09:01:15+00:00,49
2023-09-22T09:30:17+00:00,48
2023-09-22T09:35:16+00:00,49
2023-09-22T09:46:17+00:00,50
2023-09-22T09:48:36+00:00,49
2023-09-22T12:34:33+00:00,50
2023-09-22T13:40:33+00:00,51
2023-09-22T13:55:49+00:00,50
2023-09-22T14:16:12+00:00,49
2023-09-22T14:24:42+00:00,48
2023-09-22T14:29:36+00:00,49
2023-09-22T14:30:17+00:00,48
2023-09-22T14:36:59+00:00,49
2023-09-22T14:37:28+00:00,48
2023-09-22T16:24:27+00:00,47
2023-09-24T20:25:58+00:00,48
2023-09-25T18:12:30+00:00,49
2023-09-27T07:50:56+00:00,48
2023-09-27T08:17:48+00:00,49
2023-09-27T08:36:42+00:00,50
2023-09-27T09:10:29+00:00,51
2023-09-27T10:53:40+00:00,52
2023-09-27T11:37:29+00:00,51
2023-09-27T14:30:12+00:00,52
2023-09-27T17:16:28+00:00,53
2023-09-27T22:18:17+00:00,54
2023-09-28T11:42:31+00:00,53
2023-09-28T15:21:18+00:00,52
2023-09-28T15:21:53+00:00,51
2023-09-28T18:36:01+00:00,52
2023-09-28T22:47:53+00:00,51
2023-09-28T22:52:29+00:00,50
2023-09-28T23:20:34+00:00,49
2023-09-28T23:23:34+00:00,48
2023-09-29T08:28:34+00:00,47
2023-10-01T15:57:00+00:00,48
2023-10-02T12:53:14+00:00,49
2023-10-03T07:41:53+00:00,50
2023-10-03T08:25:12+00:00,49
2023-10-03T09:47:01+00:00,48
2023-10-03T13:09:26+00:00,49
2023-10-03T14:12:26+00:00,50
2023-10-03T14:17:08+00:00,49
2023-10-07T20:16:54+00:00,50
2023-10-07T20:17:53+00:00,49
2023-10-08T19:44:52+00:00,48
2023-10-08T19:53:59+00:00,47
2023-10-09T12:14:03+00:00,48
2023-10-11T08:01:20+00:00,49
2023-10-11T08:56:21+00:00,50
2023-10-12T08:00:49+00:00,51
2023-10-12T08:32:37+00:00,50
2023-10-12T17:59:35+00:00,51
2023-10-12T19:41:35+00:00,52
2023-10-13T08:55:12+00:00,53
2023-10-13T18:40:11+00:00,52
2023-10-13T21:15:48+00:00,53
2023-10-13T22:11:25+00:00,54
2023-10-15T16:54:12+00:00,55
2023-10-15T18:18:45+00:00,56
2023-10-16T08:17:53+00:00,57
2023-10-16T09:41:53+00:00,58
2023-10-16T10:31:12+00:00,59
2023-10-16T10:37:09+00:00,58
2023-10-16T10:37:43+00:00,59
2023-10-16T15:16:32+00:00,60
2023-10-16T16:05:10+00:00,61
2023-10-16T16:24:09+00:00,62
2023-10-16T16:38:09+00:00,61
2023-10-16T16:40:26+00:00,60
2023-10-16T16:41:45+00:00,59
2023-10-16T16:42:58+00:00,58
2023-10-16T16:45:53+00:00,57
2023-10-16T16:47:40+00:00,56
2023-10-17T10:37:37+00:00,57
2023-10-17T13:28:32+00:00,56
2023-10-17T13:29:26+00:00,55
2023-10-17T13:31:39+00:00,54
2023-10-17T13:34:01+00:00,53
2023-10-17T13:35:03+00:00,52
2023-10-17T13:40:59+00:00,51
2023-10-17T13:42:51+00:00,50
2023-10-17T13:46:07+00:00,49
2023-10-17T13:53:13+00:00,48
2023-10-17T13:58:15+00:00,47
2023-10-17T14:00:09+00:00,46
2023-10-17T14:38:54+00:00,45
2023-10-17T14:39:55+00:00,46
2023-10-17T15:25:23+00:00,45
2023-10-17T15:26:32+00:00,46
2023-10-17T15:29:17+00:00,45
2023-10-17T15:35:04+00:00,46
2023-10-17T15:36:21+00:00,45
2023-10-17T15:41:27+00:00,46
2023-10-17T16:26:18+00:00,47
2023-10-18T04:59:50+00:00,46
2023-10-19T08:56:55+00:00,47
2023-10-19T14:38:27+00:00,48
2023-10-19T14:41:42+00:00,47
2023-10-19T14:42:55+00:00,48
2023-10-19T20:07:51+00:00,49
2023-10-22T17:20:14+00:00,50
2023-10-23T11:00:01+00:00,51
2023-10-25T17:00:06+00:00,52
2023-10-26T09:13:58+00:00,51
2023-10-26T09:14:11+00:00,50
2023-10-27T08:17:56+00:00,49
2023-10-27T11:32:38+00:00,50
2023-10-27T14:54:22+00:00,51
2023-10-27T14:55:06+00:00,50
2023-10-30T10:22:17+00:00,51
2023-10-30T13:27:10+00:00,50
2023-10-31T23:12:27+00:00,51
2023-11-02T18:46:34+00:00,50
2023-11-02T20:10:05+00:00,49
2023-11-03T12:03:01+00:00,50
2023-11-03T15:16:10+00:00,49
2023-11-04T01:03:41+00:00,48
2023-11-06T10:41:16+00:00,47
2023-11-06T14:21:52+00:00,48
2023-11-07T17:32:55+00:00,49
2023-11-08T10:50:18+00:00,48
2023-11-08T10:57:16+00:00,47
2023-11-08T13:28:44+00:00,46
2023-11-09T14:22:30+00:00,47
2023-11-09T16:21:12+00:00,46
2023-11-09T16:45:50+00:00,47
2023-11-09T22:34:12+00:00,48
2023-11-10T10:13:05+00:00,49
2023-11-10T11:56:55+00:00,48
2023-11-10T20:47:12+00:00,49
2023-11-10T20:57:21+00:00,50
2023-11-13T09:30:25+00:00,49
2023-11-13T09:45:53+00:00,48
2023-11-13T11:00:09+00:00,47
2023-11-13T11:49:20+00:00,46
2023-11-13T12:43:00+00:00,45
2023-11-14T09:59:25+00:00,46
2023-11-14T10:27:19+00:00,45
2023-11-14T11:18:16+00:00,44
2023-11-14T11:26:55+00:00,45
2023-11-14T11:33:46+00:00,46
2023-11-14T11:47:35+00:00,45
2023-11-15T12:31:03+00:00,46
2023-11-15T15:07:31+00:00,47
2023-11-15T17:24:24+00:00,48
2023-11-16T14:11:52+00:00,49
2023-11-17T08:44:57+00:00,48
2023-11-17T10:25:16+00:00,47
2023-11-17T12:03:53+00:00,48
2023-11-17T13:48:38+00:00,47
2023-11-17T13:56:42+00:00,46
2023-11-17T14:03:37+00:00,45
2023-11-17T14:09:29+00:00,44
2023-11-17T14:22:27+00:00,45
2023-11-17T14:25:52+00:00,44
2023-11-17T14:29:34+00:00,45
2023-11-17T14:31:29+00:00,44
2023-11-17T14:35:19+00:00,45
2023-11-17T14:36:08+00:00,46
2023-11-17T14:36:24+00:00,45
2023-11-17T14:41:57+00:00,44
2023-11-17T18:27:00+00:00,45
2023-11-20T14:51:11+00:00,46
2023-11-21T10:08:40+00:00,45
2023-11-21T12:25:08+00:00,44
2023-11-21T13:20:59+00:00,43
2023-11-21T13:31:49+00:00,44
2023-11-21T14:22:35+00:00,43
2023-11-21T14:23:37+00:00,42
2023-11-22T09:18:12+00:00,43
2023-11-22T09:21:32+00:00,42
2023-11-22T15:58:37+00:00,43
2023-11-23T17:30:02+00:00,42
2023-11-25T07:02:29+00:00,41
2023-11-29T10:37:51+00:00,42
2023-11-29T11:58:19+00:00,41
2023-12-01T12:46:08+00:00,42
2023-12-01T21:10:29+00:00,41
2023-12-01T21:42:19+00:00,42
2023-12-01T22:20:10+00:00,43
2023-12-04T14:05:50+00:00,44
2023-12-04T14:26:04+00:00,45
2023-12-04T16:38:37+00:00,46
2023-12-04T16:44:01+00:00,47
2023-12-04T16:45:14+00:00,46
2023-12-04T17:13:02+00:00,47
2023-12-04T17:45:52+00:00,48
2023-12-06T08:37:08+00:00,49
2023-12-11T10:27:11+00:00,48
2023-12-11T10:40:11+00:00,47
2023-12-11T10:44:37+00:00,46
2023-12-11T10:46:23+00:00,45
2023-12-11T15:17:21+00:00,44
2023-12-12T10:11:59+00:00,43
2023-12-12T11:56:45+00:00,44
2023-12-12T14:14:09+00:00,45
2023-12-12T16:07:03+00:00,46
2023-12-12T16:08:00+00:00,47
2023-12-12T16:21:49+00:00,46
2023-12-13T14:38:17+00:00,45
2023-12-13T14:39:18+00:00,44
2023-12-13T17:16:09+00:00,45
2023-12-13T22:41:56+00:00,46
2023-12-13T23:47:59+00:00,47
2023-12-14T00:03:12+00:00,48
2023-12-14T00:10:48+00:00,49
2023-12-14T14:00:04+00:00,50
2023-12-14T16:05:35+00:00,49
2023-12-15T08:54:51+00:00,48
2023-12-15T09:00:36+00:00,47
2023-12-15T10:50:23+00:00,48
2023-12-15T10:54:23+00:00,47
2023-12-15T11:02:16+00:00,48
2023-12-15T16:48:01+00:00,49
2023-12-15T17:34:19+00:00,48
2023-12-16T22:08:49+00:00,47
2023-12-17T10:44:41+00:00,46
2023-12-17T23:40:25+00:00,47
2023-12-18T08:17:46+00:00,46
2023-12-18T08:30:47+00:00,47
2023-12-18T08:33:37+00:00,46
2023-12-18T09:15:05+00:00,47
2023-12-18T09:15:16+00:00,46
2023-12-18T09:32:01+00:00,47
2023-12-18T09:32:20+00:00,46
2023-12-18T09:34:29+00:00,47
2023-12-18T09:34:35+00:00,46
2023-12-18T09:57:47+00:00,47
2023-12-18T10:01:48+00:00,46
2023-12-18T10:02:30+00:00,47
2023-12-18T11:21:51+00:00,48
2023-12-18T11:51:06+00:00,47
2023-12-18T11:55:32+00:00,46
2023-12-18T11:58:09+00:00,45
2023-12-18T16:20:27+00:00,46
2023-12-18T16:57:34+00:00,45
2023-12-19T09:34:03+00:00,46
2023-12-19T09:41:40+00:00,45
2023-12-19T12:52:28+00:00,46
2023-12-19T15:26:43+00:00,45
2023-12-27T19:34:14+00:00,46
2023-12-27T20:06:20+00:00,45
2023-12-28T00:18:59+00:00,46
2023-12-28T10:29:12+00:00,45
2023-12-28T18:20:46+00:00,44
2023-12-28T19:34:04+00:00,45
2023-12-29T21:48:07+00:00,46
2024-01-03T14:15:48+00:00,47
2024-01-04T16:43:26+00:00,46
2024-01-05T10:59:39+00:00,47
2024-01-05T23:11:31+00:00,48
2024-01-08T08:55:33+00:00,49
2024-01-08T12:21:21+00:00,48
2024-01-08T13:51:33+00:00,47
2024-01-08T14:18:29+00:00,46
2024-01-11T09:16:45+00:00,47
2024-01-11T09:51:57+00:00,48
2024-01-16T08:27:37+00:00,49
2024-01-19T18:10:15+00:00,50
2024-01-19T21:33:20+00:00,49
2024-01-19T22:39:43+00:00,50
2024-01-19T22:40:11+00:00,49
2024-01-19T22:54:42+00:00,48
2024-01-22T09:35:57+00:00,49
2024-01-22T11:14:31+00:00,48
2024-01-22T14:55:41+00:00,49
2024-01-23T16:25:45+00:00,50
2024-01-23T16:43:43+00:00,51
2024-01-23T17:44:27+00:00,52
2024-01-23T18:16:22+00:00,51
2024-01-23T18:24:40+00:00,50
2024-01-23T18:42:50+00:00,49
2024-01-24T00:08:55+00:00,48
2024-01-24T11:01:04+00:00,49
2024-01-24T14:33:57+00:00,50
2024-01-24T19:05:41+00:00,49
2024-01-24T20:17:05+00:00,50
2024-01-24T23:19:17+00:00,51
2024-01-30T22:59:44+00:00,52
2024-01-31T18:46:59+00:00,53
2024-02-01T13:48:35+00:00,54
2024-02-01T13:51:16+00:00,55
2024-02-01T17:55:19+00:00,54
2024-02-01T22:36:00+00:00,53
2024-02-01T22:37:35+00:00,52
2024-02-02T11:17:15+00:00,51
2024-02-03T00:25:37+00:00,50
2024-02-03T22:34:58+00:00,49
2024-02-03T22:43:30+00:00,48
2024-02-03T23:04:12+00:00,47
2024-02-03T23:12:37+00:00,46
2024-02-03T23:35:00+00:00,45
2024-02-06T11:48:04+00:00,44
2024-02-06T11:51:15+00:00,43
2024-02-06T17:07:42+00:00,42
2024-02-06T17:34:14+00:00,43
2024-02-06T17:52:47+00:00,44
2024-02-06T19:38:36+00:00,43
2024-02-07T16:38:52+00:00,42
2024-02-07T23:45:08+00:00,43
2024-02-08T00:48:06+00:00,42
2024-02-08T02:09:05+00:00,43
2024-02-08T02:22:33+00:00,44
2024-02-08T14:28:32+00:00,45
2024-02-08T14:28:50+00:00,44
2024-02-08T14:38:24+00:00,45
2024-02-08T15:40:31+00:00,44
2024-02-08T17:20:30+00:00,45
2024-02-08T17:20:36+00:00,44
2024-02-08T17:24:46+00:00,45
2024-02-08T17:26:47+00:00,44
2024-02-09T10:14:55+00:00,43
2024-02-09T19:20:24+00:00,44
2024-02-09T19:22:49+00:00,43
2024-02-09T20:38:15+00:00,44
2024-02-09T21:13:16+00:00,45
2024-02-12T09:31:02+00:00,46
2024-02-12T09:58:53+00:00,45
2024-02-12T10:02:10+00:00,46
2024-02-12T10:02:30+00:00,45
2024-02-12T10:19:17+00:00,44
2024-02-12T10:22:29+00:00,43
2024-02-12T10:35:25+00:00,44
2024-02-12T10:36:57+00:00,43
2024-02-12T10:43:40+00:00,42
2024-02-12T11:01:22+00:00,41
2024-02-12T11:09:23+00:00,42
2024-02-12T11:32:50+00:00,41
2024-02-12T12:00:18+00:00,42
2024-02-12T12:23:39+00:00,41
2024-02-12T12:33:18+00:00,42
2024-02-12T12:33:34+00:00,41
2024-02-12T12:39:13+00:00,42
2024-02-12T12:51:24+00:00,41
2024-02-12T13:04:40+00:00,42
2024-02-12T14:59:28+00:00,41
2024-02-12T16:47:07+00:00,42
2024-02-12T21:03:16+00:00,43
2024-02-13T10:23:37+00:00,42
2024-02-13T10:43:51+00:00,41
2024-02-13T11:13:15+00:00,42
2024-02-13T11:52:36+00:00,41
2024-02-13T12:17:37+00:00,42
2024-02-15T08:22:29+00:00,43
2024-02-15T10:10:21+00:00,44
2024-02-15T13:10:13+00:00,43
2024-02-15T17:02:44+00:00,42
2024-02-15T17:14:38+00:00,43
2024-02-15T18:20:09+00:00,42
2024-02-15T19:43:23+00:00,43
2024-02-15T19:46:05+00:00,44
2024-02-15T19:57:41+00:00,43
2024-02-15T19:58:24+00:00,42
2024-02-15T23:01:20+00:00,43
2024-02-16T00:26:55+00:00,42
2024-02-16T15:16:46+00:00,43
2024-02-16T15:39:44+00:00,42
2024-02-18T06:09:58+00:00,43
2024-02-18T15:21:52+00:00,42
2024-02-18T16:03:15+00:00,43
2024-02-18T17:03:47+00:00,42
2024-02-18T17:06:26+00:00,43
2024-02-18T17:43:09+00:00,42
2024-02-18T18:11:37+00:00,43
2024-02-18T18:59:24+00:00,44
2024-02-18T19:03:23+00:00,43
2024-02-18T19:21:21+00:00,44
2024-02-18T19:22:03+00:00,43
2024-02-18T19:33:28+00:00,44
2024-02-18T21:25:55+00:00,45
2024-02-18T21:26:53+00:00,44
2024-02-18T22:13:10+00:00,45
2024-02-19T13:16:23+00:00,44
2024-02-19T22:50:24+00:00,43
2024-02-19T22:53:03+00:00,42
2024-02-20T13:44:26+00:00,43
2024-02-20T20:06:30+00:00,44
2024-02-20T20:55:25+00:00,45
2024-02-21T17:06:18+00:00,46
2024-02-21T17:06:24+00:00,45
2024-02-21T20:58:37+00:00,44
2024-02-22T14:19:20+00:00,45
2024-02-22T17:16:41+00:00,46
2024-02-22T17:35:14+00:00,45
2024-02-22T17:39:41+00:00,44
2024-02-22T21:38:33+00:00,43
2024-02-22T21:39:04+00:00,42
2024-02-23T10:23:41+00:00,43
2024-02-23T10:35:04+00:00,44
2024-02-23T10:35:08+00:00,45
2024-02-23T10:35:57+00:00,44
2024-02-23T10:36:13+00:00,43
2024-02-23T10:39:48+00:00,42
2024-02-23T11:05:18+00:00,43
2024-02-23T11:09:39+00:00,42
2024-02-23T11:13:59+00:00,41
2024-02-23T13:46:02+00:00,42
2024-02-23T21:23:30+00:00,43
2024-02-24T00:06:06+00:00,42
2024-02-25T19:41:31+00:00,41
2024-02-25T19:50:02+00:00,40
2024-02-25T20:21:28+00:00,41
2024-02-25T20:21:37+00:00,40
2024-02-25T20:25:46+00:00,41
2024-02-25T20:25:51+00:00,40
2024-02-25T20:30:16+00:00,41
2024-02-25T20:35:57+00:00,40
2024-02-25T20:50:57+00:00,39
2024-02-25T21:23:55+00:00,40
2024-02-25T21:24:01+00:00,39
2024-02-26T10:07:06+00:00,40
2024-02-26T10:11:37+00:00,39
2024-02-26T10:42:51+00:00,40
2024-02-26T11:21:43+00:00,41
2024-02-26T11:50:19+00:00,40
2024-02-26T11:51:35+00:00,41
2024-02-26T11:52:37+00:00,40
2024-02-26T11:53:47+00:00,41
2024-02-26T12:11:12+00:00,40
2024-02-26T15:24:49+00:00,39
2024-02-27T17:15:00+00:00,40
2024-02-27T20:15:35+00:00,41
2024-02-27T20:40:04+00:00,42
2024-02-27T21:23:46+00:00,43
2024-02-28T00:18:14+00:00,44
2024-02-28T09:29:02+00:00,45
2024-02-28T10:13:07+00:00,46
2024-02-28T10:56:49+00:00,45
2024-02-28T11:24:36+00:00,44
2024-02-28T11:32:34+00:00,43
2024-02-28T11:48:01+00:00,44
2024-02-28T11:58:13+00:00,43
2024-02-28T12:57:08+00:00,42
2024-02-28T13:20:28+00:00,41
2024-02-28T13:24:52+00:00,40
2024-02-28T13:27:46+00:00,41
2024-02-28T13:32:55+00:00,40
2024-02-28T13:33:11+00:00,39
2024-02-28T13:38:29+00:00,40
2024-02-28T13:42:51+00:00,39
2024-02-28T13:59:25+00:00,40
2024-02-28T14:03:22+00:00,39
2024-02-28T14:08:39+00:00,40
2024-02-28T14:09:20+00:00,41
2024-02-28T14:10:28+00:00,40
2024-02-28T14:13:55+00:00,39
2024-02-29T13:17:34+00:00,40
2024-02-29T14:05:11+00:00,41
2024-02-29T18:10:06+00:00,42
2024-02-29T18:16:01+00:00,41
2024-02-29T19:41:57+00:00,42
2024-02-29T20:00:01+00:00,43
2024-02-29T22:04:12+00:00,44
2024-02-29T22:04:27+00:00,43
2024-03-03T20:24:29+00:00,44
2024-03-03T20:54:31+00:00,43
2024-03-04T00:41:40+00:00,44
2024-03-04T11:20:16+00:00,45
2024-03-04T11:21:25+00:00,44
2024-03-05T12:00:07+00:00,45
2024-03-05T19:30:15+00:00,44
2024-03-05T19:36:48+00:00,43
2024-03-06T09:16:17+00:00,44
2024-03-06T11:09:15+00:00,45
2024-03-06T11:09:21+00:00,44
2024-03-06T11:14:07+00:00,43
2024-03-06T14:54:05+00:00,44
2024-03-06T21:46:32+00:00,45
2024-03-08T12:33:49+00:00,46
2024-03-08T12:53:54+00:00,45
2024-03-08T19:04:17+00:00,46
2024-03-08T19:25:23+00:00,47
2024-03-08T20:24:51+00:00,48
2024-03-10T17:46:18+00:00,47
2024-03-10T18:00:37+00:00,46
2024-03-10T18:14:25+00:00,45
2024-03-10T18:42:45+00:00,44
2024-03-10T18:45:25+00:00,43
2024-03-10T18:49:21+00:00,42
2024-03-10T19:00:29+00:00,43
2024-03-10T19:00:34+00:00,42
2024-03-10T20:50:04+00:00,43
2024-03-10T21:19:33+00:00,42
2024-03-10T21:21:37+00:00,43
2024-03-14T10:22:50+00:00,42
2024-03-14T10:26:49+00:00,41
2024-03-14T11:50:58+00:00,40
2024-03-14T11:53:49+00:00,39
2024-03-14T12:05:33+00:00,38
2024-03-15T16:00:43+00:00,39
2024-03-18T15:10:13+00:00,38
2024-03-18T17:04:29+00:00,39
2024-03-18T17:11:52+00:00,40
2024-03-18T21:38:33+00:00,39
2024-03-19T15:08:46+00:00,40
2024-03-19T16:46:03+00:00,41
2024-03-19T17:05:22+00:00,42
2024-03-19T17:05:58+00:00,41
2024-03-19T18:45:32+00:00,42
2024-03-19T19:02:49+00:00,41
2024-03-19T20:46:50+00:00,40
2024-03-20T21:50:30+00:00,41
2024-03-20T22:47:36+00:00,40
2024-03-21T15:30:52+00:00,41
2024-03-21T15:54:27+00:00,42
2024-03-21T16:52:13+00:00,43
2024-03-21T16:58:53+00:00,42
2024-03-21T17:06:52+00:00,41
2024-03-21T17:07:15+00:00,40
2024-03-21T18:16:36+00:00,41
2024-03-21T18:32:40+00:00,40
2024-03-21T20:36:16+00:00,41
2024-03-23T18:01:11+00:00,42
2024-03-25T11:26:44+00:00,43
2024-03-25T12:28:03+00:00,42
2024-03-25T13:00:05+00:00,43
2024-03-28T15:08:42+00:00,44
2024-03-28T15:22:39+00:00,43
2024-03-28T15:40:30+00:00,44
2024-04-05T11:20:57+00:00,45
2024-04-06T17:16:16+00:00,46
2024-04-09T15:03:50+00:00,47
2024-04-09T15:07:17+00:00,46
2024-04-09T16:28:45+00:00,47
2024-04-09T16:28:56+00:00,46
2024-04-09T16:36:03+00:00,47
2024-04-09T16:40:16+00:00,46
2024-04-15T09:01:53+00:00,47
2024-04-15T09:07:59+00:00,46
2024-04-15T09:23:55+00:00,47
2024-04-15T09:48:23+00:00,46
2024-04-15T09:51:07+00:00,45
2024-04-15T09:51:22+00:00,44
2024-04-15T11:29:59+00:00,45
2024-04-15T14:34:09+00:00,46
2024-04-15T15:27:32+00:00,47
2024-04-15T17:01:03+00:00,48
2024-04-15T17:26:01+00:00,47
2024-04-15T17:26:23+00:00,46
2024-04-15T17:26:59+00:00,45
2024-04-15T17:27:38+00:00,44
2024-04-15T20:24:25+00:00,45
2024-04-15T21:05:48+00:00,44
2024-04-15T21:06:25+00:00,43
2024-04-15T21:06:43+00:00,42
2024-04-15T21:07:47+00:00,41
2024-04-15T21:13:39+00:00,40
2024-04-16T14:59:41+00:00,41
2024-04-17T09:10:38+00:00,42
2024-04-17T12:52:59+00:00,43
2024-04-17T16:07:00+00:00,42
2024-04-17T16:07:27+00:00,41
2024-04-17T16:25:40+00:00,42
2024-04-18T10:12:23+00:00,43
2024-04-18T17:34:21+00:00,42
2024-04-18T18:00:07+00:00,41
2024-04-22T13:48:16+00:00,40
2024-04-23T09:15:56+00:00,39
2024-04-23T09:16:59+00:00,40
2024-04-23T16:34:41+00:00,41
2024-04-24T09:09:36+00:00,42
2024-04-24T09:22:44+00:00,43
2024-04-24T09:22:54+00:00,42
2024-04-24T09:34:37+00:00,43
2024-04-24T12:50:38+00:00,44
2024-04-24T13:28:30+00:00,45
2024-04-26T12:23:47+00:00,46
2024-04-26T16:14:09+00:00,45
2024-04-27T08:29:28+00:00,46
2024-04-27T11:32:36+00:00,47
2024-04-27T18:27:06+00:00,46
2024-04-27T18:42:50+00:00,45
2024-04-29T06:18:18+00:00,44
2024-04-29T10:08:03+00:00,43
2024-04-29T10:14:47+00:00,44
2024-04-29T10:25:38+00:00,45
2024-04-29T11:36:01+00:00,44
2024-04-29T12:31:16+00:00,43
2024-04-29T17:20:02+00:00,42
2024-04-30T07:06:07+00:00,43
2024-04-30T09:36:36+00:00,44
2024-04-30T13:19:16+00:00,43
2024-05-01T21:04:51+00:00,44
2024-05-01T23:53:45+00:00,43
2024-05-02T00:42:27+00:00,44
2024-05-02T01:01:10+00:00,45
2024-05-02T01:01:16+00:00,44
2024-05-02T01:02:42+00:00,43
2024-05-02T07:41:33+00:00,44
2024-05-02T10:06:53+00:00,43
2024-05-02T10:34:34+00:00,42
2024-05-02T10:42:54+00:00,41
2024-05-02T10:56:05+00:00,40
2024-05-02T14:23:06+00:00,39
2024-05-03T04:34:09+00:00,40
2024-05-03T10:15:02+00:00,39
2024-05-03T21:57:47+00:00,40
2024-05-04T09:54:08+00:00,39
2024-05-04T11:54:16+00:00,38
2024-05-04T12:01:40+00:00,39
2024-05-06T13:58:35+00:00,38
2024-05-06T15:19:30+00:00,39
2024-05-06T17:56:24+00:00,40
2024-05-06T19:18:18+00:00,41
2024-05-06T19:23:19+00:00,40
2024-05-06T19:25:21+00:00,39
2024-05-07T11:39:33+00:00,40
2024-05-07T11:42:22+00:00,41
2024-05-07T23:15:16+00:00,40
2024-05-07T23:15:42+00:00,39
2024-05-08T13:07:50+00:00,40
2024-05-08T15:09:48+00:00,41
2024-05-08T16:14:27+00:00,40
2024-05-08T18:06:49+00:00,41
2024-05-08T18:06:54+00:00,40
2024-05-08T18:51:49+00:00,41
2024-05-08T18:51:54+00:00,40
2024-05-08T19:18:16+00:00,39
2024-05-09T09:51:27+00:00,40
2024-05-09T10:43:56+00:00,39
2024-05-09T21:39:49+00:00,40
2024-05-09T21:48:50+00:00,39
2024-05-10T11:54:10+00:00,40
2024-05-10T12:31:48+00:00,39
2024-05-10T13:47:29+00:00,40
2024-05-10T17:28:31+00:00,39
2024-05-12T22:10:55+00:00,38
2024-05-12T23:04:04+00:00,39
2024-05-13T10:07:16+00:00,38
2024-05-13T10:20:44+00:00,39
2024-05-13T10:24:13+00:00,38
2024-05-13T16:00:42+00:00,39
2024-05-13T16:00:55+00:00,38
2024-05-13T21:36:50+00:00,39
2024-05-13T21:36:58+00:00,38
2024-05-14T09:25:13+00:00,39
2024-05-14T14:47:38+00:00,38
2024-05-15T11:15:10+00:00,37
2024-05-15T11:21:11+00:00,38
2024-05-15T12:31:11+00:00,39
2024-05-15T13:18:12+00:00,38
2024-05-15T13:43:37+00:00,37
2024-05-15T13:54:57+00:00,38
2024-05-15T13:55:47+00:00,37
2024-05-15T15:15:42+00:00,38
2024-05-15T15:40:12+00:00,37
2024-05-15T21:02:02+00:00,38
2024-05-15T22:21:26+00:00,37
2024-05-17T09:14:45+00:00,38
2024-05-17T09:18:24+00:00,39
2024-05-17T09:18:27+00:00,38
2024-05-17T09:20:37+00:00,39
2024-05-17T10:14:32+00:00,40
2024-05-17T10:36:29+00:00,39
2024-05-17T10:48:42+00:00,40
2024-05-17T10:57:12+00:00,39
2024-05-17T11:06:59+00:00,40
2024-05-17T11:07:16+00:00,39
2024-05-17T14:17:34+00:00,40
2024-05-17T15:43:19+00:00,41
2024-05-17T15:43:47+00:00,40
2024-05-17T19:17:35+00:00,41
2024-05-17T19:17:40+00:00,40
2024-05-20T14:50:30+00:00,41
2024-05-23T19:01:00+00:00,42
2024-05-28T06:24:56+00:00,43
2024-05-28T06:41:46+00:00,44
2024-05-30T15:02:30+00:00,43
2024-05-30T15:03:44+00:00,42
2024-05-30T17:22:14+00:00,43
2024-05-30T17:22:21+00:00,42
2024-05-30T17:25:09+00:00,43
2024-05-30T18:35:12+00:00,42
2024-05-30T18:37:21+00:00,43
2024-05-30T18:40:05+00:00,44
2024-05-30T18:42:57+00:00,43
2024-05-30T20:21:00+00:00,44
2024-05-31T12:33:28+00:00,43
2024-05-31T12:39:23+00:00,42
2024-05-31T16:49:44+00:00,43
2024-05-31T16:57:38+00:00,42
2024-05-31T17:02:22+00:00,43
2024-05-31T17:03:11+00:00,42
2024-05-31T17:43:40+00:00,41
2024-05-31T17:59:32+00:00,42
2024-05-31T18:00:02+00:00,41
2024-05-31T18:00:18+00:00,40
2024-05-31T18:16:42+00:00,41
2024-05-31T18:23:48+00:00,40
2024-05-31T18:26:37+00:00,41
2024-05-31T18:26:53+00:00,40
2024-05-31T21:07:29+00:00,41
2024-06-02T02:22:22+00:00,42
2024-06-02T16:10:47+00:00,41
2024-06-03T18:37:13+00:00,40
2024-06-05T19:57:13+00:00,41
2024-06-05T21:42:02+00:00,42
2024-06-05T22:21:26+00:00,41
2024-06-05T22:22:44+00:00,40
2024-06-06T15:59:38+00:00,41
2024-06-07T19:34:05+00:00,42
2024-06-09T12:14:49+00:00,41
2024-06-09T12:15:26+00:00,40
2024-06-09T13:30:25+00:00,41
2024-06-09T13:31:34+00:00,40
2024-06-11T16:22:36+00:00,41
2024-06-11T18:32:43+00:00,40
2024-06-12T16:08:52+00:00,39
2024-06-12T20:42:17+00:00,40
2024-06-12T20:43:12+00:00,39
2024-06-12T20:45:32+00:00,40
2024-06-12T20:45:38+00:00,39
2024-06-12T21:02:16+00:00,40
2024-06-12T21:16:31+00:00,39
2024-06-13T13:37:11+00:00,38
2024-06-13T13:37:28+00:00,37
2024-06-13T20:40:31+00:00,38
2024-06-13T20:45:23+00:00,37
2024-06-13T20:47:21+00:00,38
2024-06-13T20:51:28+00:00,37
2024-06-13T20:58:38+00:00,38
2024-06-15T15:48:45+00:00,39
2024-06-17T20:52:25+00:00,38
2024-06-18T07:35:57+00:00,39
2024-06-18T08:22:19+00:00,40
2024-06-18T08:22:28+00:00,39
2024-06-18T09:19:46+00:00,38
2024-06-19T12:39:59+00:00,39
2024-06-19T12:52:13+00:00,40
2024-06-19T12:52:39+00:00,39
2024-06-19T12:52:56+00:00,38
2024-06-19T13:17:51+00:00,39
2024-06-19T13:18:45+00:00,38
2024-06-19T13:54:21+00:00,39
2024-06-19T13:57:09+00:00,38
2024-06-19T15:22:36+00:00,39
2024-06-19T15:26:05+00:00,40
2024-06-19T15:34:11+00:00,39
2024-06-19T15:43:22+00:00,38
2024-06-19T16:19:00+00:00,39
2024-06-19T16:21:49+00:00,38
2024-06-19T21:12:38+00:00,39
2024-06-19T21:12:46+00:00,38
2024-06-19T21:14:36+00:00,39
2024-06-21T13:24:51+00:00,40
2024-06-21T13:28:50+00:00,39
2024-06-21T13:29:23+00:00,38
2024-06-21T14:38:45+00:00,39
2024-06-21T14:41:54+00:00,38
2024-06-21T18:32:51+00:00,39
2024-06-21T19:04:21+00:00,38
2024-06-22T12:10:04+00:00,39
2024-06-22T13:21:10+00:00,40
2024-06-22T13:24:04+00:00,39
2024-06-22T13:27:25+00:00,40
2024-06-22T13:32:38+00:00,39
2024-06-24T06:50:41+00:00,40
2024-06-24T11:26:09+00:00,41
2024-06-24T11:28:44+00:00,40
2024-06-24T14:12:05+00:00,41
2024-06-24T17:15:36+00:00,42
2024-06-25T09:12:02+00:00,41
2024-06-25T09:32:46+00:00,42
2024-06-25T11:30:22+00:00,41
2024-06-25T11:31:47+00:00,42
2024-06-25T11:46:54+00:00,43
2024-06-25T11:49:15+00:00,42
2024-06-25T12:05:18+00:00,41
2024-06-25T13:12:32+00:00,40
2024-06-25T13:28:56+00:00,39
2024-06-25T14:41:49+00:00,40
2024-06-25T14:41:54+00:00,39
2024-06-25T20:19:17+00:00,40
2024-06-25T20:57:30+00:00,39
2024-06-26T11:17:48+00:00,40
2024-06-26T19:37:55+00:00,41
2024-07-01T18:57:45+00:00,40
2024-07-01T19:47:15+00:00,41
2024-07-01T22:58:43+00:00,40
2024-07-01T23:04:20+00:00,41
2024-07-01T23:04:37+00:00,40
2024-07-01T23:23:56+00:00,41
2024-07-01T23:50:51+00:00,40
2024-07-01T23:55:55+00:00,39
2024-07-03T09:01:41+00:00,40
2024-07-03T13:05:16+00:00,41
2024-07-03T14:06:39+00:00,40
2024-07-03T22:36:02+00:00,39
2024-07-03T23:00:16+00:00,40
2024-07-03T23:29:57+00:00,39
2024-07-04T10:32:38+00:00,40
2024-07-04T11:07:35+00:00,41
2024-07-04T11:09:50+00:00,40
2024-07-04T11:49:57+00:00,39
2024-07-04T22:52:52+00:00,40
2024-07-04T22:59:24+00:00,39
2024-07-04T23:04:04+00:00,40
2024-07-05T08:46:26+00:00,39
2024-07-05T11:20:39+00:00,38
2024-07-05T14:02:17+00:00,39
2024-07-05T14:11:43+00:00,38
2024-07-05T14:31:48+00:00,37
2024-07-08T11:11:24+00:00,38
2024-07-08T19:44:14+00:00,39
2024-07-08T22:55:01+00:00,38
2024-07-09T17:25:30+00:00,39
2024-07-09T17:25:42+00:00,38
2024-07-09T17:29:00+00:00,39
2024-07-09T17:29:16+00:00,38
2024-07-09T17:30:20+00:00,39
2024-07-09T17:32:57+00:00,38
2024-07-09T17:49:25+00:00,39
2024-07-09T17:49:31+00:00,38
2024-07-09T18:03:10+00:00,39
2024-07-09T18:03:17+00:00,38
2024-07-10T13:17:14+00:00,39
2024-07-10T13:21:52+00:00,38
2024-07-10T15:28:18+00:00,37
2024-07-12T15:02:07+00:00,38
2024-07-14T15:52:48+00:00,39
2024-07-16T12:25:19+00:00,40
2024-07-16T12:25:34+00:00,39
2024-07-16T13:56:57+00:00,40
2024-07-16T13:57:45+00:00,39
2024-07-17T13:56:44+00:00,40
2024-07-18T11:52:40+00:00,39
2024-07-18T13:13:29+00:00,40
2024-07-18T13:47:45+00:00,39
2024-07-19T09:23:41+00:00,40
2024-07-19T09:23:47+00:00,39
2024-07-19T09:25:20+00:00,40
2024-07-19T09:25:25+00:00,39
2024-07-20T13:06:57+00:00,38
2024-07-20T15:24:20+00:00,39
2024-07-20T15:25:20+00:00,38
2024-07-21T09:37:17+00:00,37
2024-07-21T09:43:51+00:00,36
2024-07-21T12:42:08+00:00,37
2024-07-21T12:43:34+00:00,36
2024-07-21T13:30:37+00:00,37
2024-07-21T14:12:41+00:00,36
2024-07-21T14:43:13+00:00,37
2024-07-21T14:44:26+00:00,36
2024-07-21T14:51:57+00:00,35
2024-07-21T15:22:13+00:00,34
2024-07-21T15:24:42+00:00,35
2024-07-21T15:26:52+00:00,34
2024-07-21T22:55:32+00:00,35
2024-07-23T13:31:37+00:00,36
2024-07-23T13:35:39+00:00,35
2024-07-23T14:02:04+00:00,36
2024-07-23T14:02:09+00:00,35
2024-07-23T14:03:26+00:00,36
2024-07-23T14:03:31+00:00,35
2024-07-24T09:12:08+00:00,36
2024-07-24T09:12:15+00:00,35
2024-07-25T09:37:30+00:00,34
2024-07-25T10:32:53+00:00,35
2024-07-25T21:24:06+00:00,36
2024-07-25T21:24:14+00:00,35
2024-07-25T22:28:49+00:00,36
2024-07-25T22:38:24+00:00,35
2024-07-26T10:20:31+00:00,36
2024-07-26T10:52:07+00:00,37
2024-07-26T10:53:36+00:00,36
2024-07-26T10:55:31+00:00,35
2024-07-29T14:53:06+00:00,36
2024-07-29T18:41:36+00:00,35
2024-07-30T13:49:55+00:00,34
2024-07-30T16:54:05+00:00,35
2024-07-31T10:58:41+00:00,34
2024-08-01T15:18:49+00:00,35
2024-08-01T15:18:56+00:00,34
2024-08-01T16:08:15+00:00,35
2024-08-01T16:26:01+00:00,34
2024-08-02T12:00:04+00:00,35
2024-08-02T14:44:33+00:00,34
2024-08-02T15:40:21+00:00,35
2024-08-02T15:55:37+00:00,34
2024-08-03T19:01:35+00:00,35
2024-08-04T11:22:50+00:00,36
2024-08-04T20:01:04+00:00,37
2024-08-05T09:25:55+00:00,38
2024-08-05T10:56:48+00:00,39
2024-08-05T11:41:45+00:00,38
2024-08-05T11:44:29+00:00,37
2024-08-05T11:45:58+00:00,36
2024-08-05T11:46:40+00:00,35
2024-08-05T12:23:48+00:00,34
2024-08-05T12:44:52+00:00,35
2024-08-05T12:45:18+00:00,34
2024-08-05T14:46:47+00:00,35
2024-08-05T17:47:55+00:00,34
2024-08-06T11:55:44+00:00,33
2024-08-08T16:25:18+00:00,34
2024-08-08T21:53:11+00:00,33
2024-08-08T22:23:33+00:00,34
2024-08-08T22:24:10+00:00,33
2024-08-09T15:17:06+00:00,34
2024-08-09T16:13:42+00:00,33
2024-08-09T16:34:09+00:00,34
2024-08-09T16:34:43+00:00,33
2024-08-10T05:08:55+00:00,34
2024-08-10T08:54:43+00:00,33
2024-08-10T11:43:12+00:00,34
2024-08-10T11:53:46+00:00,33
2024-08-10T14:25:36+00:00,34
2024-08-12T09:12:01+00:00,35
2024-08-12T09:12:41+00:00,34
2024-08-12T09:13:05+00:00,33
2024-08-12T10:59:31+00:00,34
2024-08-12T11:02:24+00:00,33
2024-08-12T16:19:07+00:00,34
2024-08-12T16:33:44+00:00,33
2024-08-12T16:38:21+00:00,34
2024-08-12T16:40:55+00:00,33
2024-08-13T00:12:33+00:00,34
2024-08-13T08:29:26+00:00,33
2024-08-13T12:28:24+00:00,34
2024-08-13T14:15:51+00:00,35
2024-08-13T14:16:08+00:00,34
2024-08-14T13:01:07+00:00,35
2024-08-14T21:35:31+00:00,34
2024-08-14T22:00:14+00:00,33
2024-08-14T23:46:57+00:00,34
2024-08-14T23:51:58+00:00,33
2024-08-15T00:08:30+00:00,34
2024-08-15T10:10:05+00:00,35
2024-08-15T11:26:25+00:00,34
2024-08-15T11:57:17+00:00,33
2024-08-15T11:57:48+00:00,34
2024-08-15T12:01:36+00:00,33
2024-08-17T12:58:01+00:00,34
2024-08-17T12:58:12+00:00,33
2024-08-17T17:18:08+00:00,34
2024-08-18T11:54:22+00:00,33
2024-08-18T12:04:56+00:00,32
2024-08-18T13:15:29+00:00,33
2024-08-18T13:16:30+00:00,32
2024-08-18T13:52:58+00:00,33
2024-08-18T13:53:03+00:00,32
2024-08-18T14:15:03+00:00,33
2024-08-18T14:16:37+00:00,32
2024-08-18T14:40:42+00:00,33
2024-08-18T14:41:15+00:00,32
2024-08-18T15:18:57+00:00,31
2024-08-18T15:38:52+00:00,32
2024-08-19T13:06:22+00:00,31
2024-08-19T16:17:15+00:00,32
2024-08-19T16:17:35+00:00,31
2024-08-19T21:55:07+00:00,32
2024-08-20T10:10:38+00:00,33
2024-08-20T10:16:26+00:00,32
2024-08-20T10:21:07+00:00,31
2024-08-20T10:47:51+00:00,32
2024-08-20T11:08:53+00:00,31
2024-08-20T11:10:40+00:00,32
2024-08-20T12:36:19+00:00,31
2024-08-20T14:15:34+00:00,32
2024-08-20T14:21:04+00:00,33
2024-08-20T17:53:16+00:00,32
2024-08-20T17:53:52+00:00,31
2024-08-20T17:54:51+00:00,32
2024-08-21T11:16:47+00:00,31
2024-08-21T11:45:27+00:00,32
2024-08-23T13:58:47+00:00,33
2024-08-29T10:27:23+00:00,34
2024-08-30T08:32:38+00:00,33
2024-09-03T23:44:15+00:00,34
2024-09-04T21:25:34+00:00,35
2024-09-04T23:15:51+00:00,36
2024-09-05T01:00:35+00:00,35
2024-09-05T01:05:41+00:00,36
2024-09-05T01:11:50+00:00,35
2024-09-05T01:12:05+00:00,34
2024-09-05T01:14:33+00:00,33
2024-09-05T01:26:50+00:00,34
2024-09-05T01:29:07+00:00,33
2024-09-05T01:31:04+00:00,32
2024-09-05T10:00:27+00:00,31
2024-09-05T10:59:50+00:00,32
2024-09-05T11:23:09+00:00,33
2024-09-05T11:51:50+00:00,32
2024-09-05T12:33:40+00:00,33
2024-09-05T13:36:06+00:00,32
2024-09-05T13:49:52+00:00,33
2024-09-05T13:50:09+00:00,32
2024-09-05T13:59:09+00:00,33
2024-09-05T14:23:51+00:00,32
2024-09-05T14:24:25+00:00,31
2024-09-05T15:09:08+00:00,32
2024-09-05T15:10:56+00:00,31
2024-09-05T15:41:24+00:00,30
2024-09-06T16:27:40+00:00,31
2024-09-07T15:40:13+00:00,32
2024-09-07T15:53:48+00:00,33
2024-09-07T15:54:17+00:00,32
2024-09-07T15:56:49+00:00,31
2024-09-08T15:37:53+00:00,32
2024-09-08T15:38:00+00:00,31
2024-09-08T16:04:22+00:00,32
2024-09-09T12:39:20+00:00,33
2024-09-10T13:55:19+00:00,34
2024-09-10T14:54:45+00:00,33
2024-09-10T15:09:57+00:00,32
2024-09-10T15:13:58+00:00,31
2024-09-10T15:15:08+00:00,30
2024-09-11T11:30:54+00:00,31
2024-09-11T16:43:43+00:00,30
2024-09-11T20:32:22+00:00,31
2024-09-11T22:25:34+00:00,30
2024-09-13T10:40:50+00:00,31
2024-09-13T10:56:45+00:00,30
2024-09-13T14:51:33+00:00,31
2024-09-13T14:56:55+00:00,30
2024-09-13T16:28:59+00:00,31
2024-09-13T16:46:13+00:00,30
2024-09-13T17:24:03+00:00,31
2024-09-14T11:51:24+00:00,30
2024-09-14T12:39:38+00:00,31
2024-09-14T12:58:20+00:00,30
2024-09-14T12:58:53+00:00,31
2024-09-14T13:15:14+00:00,30
2024-09-14T13:22:53+00:00,31
2024-09-14T13:31:58+00:00,30
2024-09-14T15:30:14+00:00,31
2024-09-15T11:46:10+00:00,32
2024-09-15T11:46:35+00:00,31
2024-09-15T14:02:10+00:00,30
2024-09-15T14:03:31+00:00,31
2024-09-15T14:03:53+00:00,30
2024-09-15T14:17:25+00:00,31
2024-09-15T16:51:59+00:00,30
2024-09-15T16:54:39+00:00,31
2024-09-16T07:28:04+00:00,30
2024-09-16T08:11:52+00:00,31
2024-09-16T08:45:33+00:00,30
2024-09-16T11:03:49+00:00,31
2024-09-16T13:47:22+00:00,32
2024-09-16T15:55:46+00:00,31
2024-09-16T17:26:02+00:00,32
2024-09-17T08:19:25+00:00,31
2024-09-17T08:25:41+00:00,32
2024-09-17T08:25:57+00:00,31
2024-09-17T15:40:08+00:00,32
2024-09-17T16:00:00+00:00,33
2024-09-18T09:57:21+00:00,32
2024-09-18T09:58:51+00:00,33
2024-09-18T12:56:48+00:00,32
2024-09-18T12:58:38+00:00,33
2024-09-18T13:56:30+00:00,32
2024-09-22T11:14:29+00:00,33
2024-09-22T11:14:36+00:00,32
2024-09-22T11:16:29+00:00,33
2024-09-23T08:20:29+00:00,34
2024-09-23T08:21:39+00:00,35
2024-09-23T08:21:53+00:00,34
2024-09-23T18:11:43+00:00,33
2024-09-23T18:13:01+00:00,34
2024-09-24T13:58:39+00:00,33
2024-09-26T09:58:38+00:00,34
2024-09-26T10:38:01+00:00,35
2024-09-26T10:41:48+00:00,34
2024-09-26T11:29:29+00:00,35
2024-09-26T11:32:18+00:00,34
2024-09-26T11:34:46+00:00,33
2024-09-26T12:42:28+00:00,34
2024-09-26T12:46:54+00:00,33
2024-09-27T13:37:19+00:00,34
2024-09-27T15:27:46+00:00,35
2024-09-27T15:33:26+00:00,36
2024-09-27T15:35:38+00:00,35
2024-09-27T15:50:16+00:00,34
2024-09-27T17:51:15+00:00,35
2024-09-27T17:53:56+00:00,36
2024-09-27T17:54:06+00:00,35
2024-09-29T14:18:33+00:00,34
2024-09-30T09:31:29+00:00,33
2024-09-30T09:39:00+00:00,34
2024-09-30T09:39:25+00:00,33
2024-09-30T12:30:52+00:00,32
2024-09-30T12:45:55+00:00,33
2024-09-30T12:54:26+00:00,32
2024-09-30T13:08:26+00:00,33
2024-09-30T15:33:11+00:00,32
2024-09-30T16:05:02+00:00,33
2024-09-30T22:51:47+00:00,34
2024-09-30T23:02:15+00:00,33
2024-09-30T23:03:15+00:00,34
2024-09-30T23:07:14+00:00,33
2024-10-01T08:02:59+00:00,34
2024-10-01T08:03:12+00:00,33
2024-10-01T09:40:28+00:00,34
2024-10-01T09:45:36+00:00,33
2024-10-01T17:29:10+00:00,34
2024-10-01T20:30:09+00:00,33
2024-10-01T20:43:19+00:00,34
2024-10-01T20:46:51+00:00,33
2024-10-01T21:01:27+00:00,32
2024-10-02T18:02:16+00:00,33
2024-10-02T22:54:10+00:00,34
2024-10-03T09:57:57+00:00,35
2024-10-07T17:35:12+00:00,36
2024-10-09T12:34:12+00:00,35
2024-10-09T12:37:10+00:00,34
2024-10-09T13:19:13+00:00,35
2024-10-09T13:21:41+00:00,34
2024-10-09T13:32:20+00:00,35
2024-10-09T13:38:34+00:00,34
2024-10-09T15:27:00+00:00,35
2024-10-09T15:52:56+00:00,36
2024-10-09T15:53:05+00:00,35
2024-10-09T16:20:32+00:00,34
2024-10-09T19:15:41+00:00,35
2024-10-16T11:47:06+00:00,36
2024-10-16T12:19:10+00:00,35
2024-10-16T20:11:02+00:00,36
2024-10-16T22:00:35+00:00,35
2024-10-16T22:08:28+00:00,36
2024-10-16T22:08:46+00:00,35
2024-10-18T22:43:31+00:00,36
2024-10-20T17:41:37+00:00,37
2024-10-20T19:04:39+00:00,36
2024-10-21T19:18:53+00:00,37
2024-10-25T10:04:47+00:00,38
2024-10-25T21:21:31+00:00,39
2024-10-27T13:54:29+00:00,40
2024-10-27T13:58:13+00:00,39
2024-10-27T14:04:51+00:00,40
2024-10-27T14:05:33+00:00,39
2024-10-27T14:09:22+00:00,40
2024-10-27T14:09:58+00:00,39
2024-10-28T14:06:50+00:00,40
2024-10-28T14:09:28+00:00,39
2024-10-28T15:06:07+00:00,40
2024-10-28T15:12:45+00:00,39
2024-10-29T11:46:14+00:00,38
2024-10-30T14:02:10+00:00,39
2024-10-30T14:02:25+00:00,38
2024-10-31T11:37:18+00:00,39
2024-10-31T13:47:43+00:00,40
2024-11-06T23:49:36+00:00,39
2024-11-07T13:14:21+00:00,38
2024-11-08T18:28:02+00:00,39
2024-11-11T09:51:23+00:00,40
2024-11-11T09:56:02+00:00,39
2024-11-11T17:48:59+00:00,40
2024-11-11T17:49:09+00:00,39
2024-11-11T17:50:56+00:00,40
2024-11-11T18:10:00+00:00,39
2024-11-11T21:09:28+00:00,38
2024-11-11T21:10:12+00:00,37
2024-11-12T00:57:13+00:00,38
2024-11-12T00:57:38+00:00,37
2024-11-12T18:09:15+00:00,36
2024-11-13T10:05:02+00:00,37
2024-11-13T11:55:43+00:00,36
2024-11-13T18:16:32+00:00,37
2024-11-14T10:59:07+00:00,36
2024-11-15T10:59:22+00:00,35
2024-11-15T11:27:41+00:00,36
2024-11-15T11:28:09+00:00,35
2024-11-15T16:15:36+00:00,36
2024-11-15T16:16:23+00:00,35
2024-11-18T10:35:09+00:00,36
2024-11-18T10:37:57+00:00,35
2024-11-18T12:20:02+00:00,36
2024-11-18T12:40:18+00:00,35
2024-11-18T15:13:55+00:00,34
2024-11-18T16:16:05+00:00,35
2024-11-18T17:43:09+00:00,34
2024-11-18T18:18:32+00:00,35
2024-11-18T18:36:14+00:00,36
2024-11-18T18:36:23+00:00,35
2024-11-18T19:25:11+00:00,36
2024-11-18T19:25:42+00:00,35
2024-11-18T19:26:39+00:00,36
2024-11-18T22:49:20+00:00,37
2024-11-19T14:59:52+00:00,36
2024-11-20T11:25:55+00:00,35
2024-11-20T12:26:21+00:00,36
2024-11-20T12:34:03+00:00,35
2024-11-20T13:25:24+00:00,36
2024-11-20T15:16:38+00:00,35
2024-11-21T00:20:01+00:00,36
2024-11-21T12:52:50+00:00,37
2024-11-23T13:53:13+00:00,38
2024-11-24T12:05:07+00:00,39
2024-11-25T14:51:55+00:00,40
2024-11-25T14:52:21+00:00,39
2024-11-25T15:41:21+00:00,40
2024-11-25T15:41:29+00:00,39
2024-11-25T15:44:19+00:00,38
2024-11-25T15:47:49+00:00,37
2024-11-25T16:06:50+00:00,36
2024-11-25T22:54:49+00:00,37
2024-11-27T18:12:35+00:00,38
2024-11-27T20:43:34+00:00,37
2024-11-27T23:04:03+00:00,38
2024-11-27T23:04:53+00:00,37
2024-11-27T23:16:04+00:00,38
2024-11-27T23:16:28+00:00,37
2024-12-02T10:26:44+00:00,38
2024-12-02T10:28:03+00:00,37
2024-12-05T00:13:03+00:00,38
2024-12-05T00:13:10+00:00,37
2024-12-05T11:22:32+00:00,38
2024-12-06T10:55:12+00:00,39
2024-12-06T13:20:30+00:00,40
2024-12-06T13:24:36+00:00,39
2024-12-06T16:56:18+00:00,38
2024-12-06T16:57:07+00:00,37
2024-12-11T11:20:10+00:00,38
2024-12-11T11:20:22+00:00,37
2024-12-11T11:43:23+00:00,38
2024-12-11T11:44:03+00:00,37
2024-12-11T22:35:21+00:00,38
2024-12-11T22:40:54+00:00,37
2024-12-11T23:09:45+00:00,36
2024-12-11T23:33:02+00:00,35
2024-12-12T00:02:42+00:00,34
2024-12-12T11:50:08+00:00,33
2024-12-12T14:27:07+00:00,34
2024-12-12T17:20:21+00:00,35
2024-12-12T19:34:17+00:00,34
2024-12-12T20:15:15+00:00,35
2024-12-12T20:24:44+00:00,34
2024-12-13T00:08:46+00:00,35
2024-12-13T00:36:00+00:00,34
2024-12-13T15:40:51+00:00,33
2024-12-15T16:15:29+00:00,34
2024-12-15T16:44:44+00:00,33
2024-12-15T17:37:26+00:00,34
2024-12-15T17:37:45+00:00,33
2024-12-16T11:28:47+00:00,34
2024-12-16T16:37:41+00:00,35
2024-12-16T20:38:22+00:00,34
2024-12-16T21:18:36+00:00,33
2024-12-16T21:39:11+00:00,34
2024-12-16T21:40:50+00:00,33
2024-12-16T21:52:51+00:00,34
2024-12-16T23:11:31+00:00,35
2024-12-17T00:41:04+00:00,36
2024-12-17T00:41:25+00:00,35
2024-12-17T11:24:03+00:00,34
2024-12-17T11:25:17+00:00,33
2024-12-17T11:42:16+00:00,34
2024-12-17T16:00:03+00:00,35
2024-12-17T16:06:09+00:00,34
2024-12-17T16:23:55+00:00,35
2024-12-17T17:40:09+00:00,36
2024-12-17T18:08:41+00:00,35
2024-12-17T19:26:17+00:00,34
2024-12-17T20:06:24+00:00,33
2024-12-17T20:08:38+00:00,32
2024-12-17T20:10:35+00:00,33
2024-12-17T20:10:51+00:00,32
2024-12-17T20:13:10+00:00,31
2024-12-17T21:48:31+00:00,32
2024-12-18T18:34:36+00:00,31
2024-12-20T22:22:07+00:00,32
2024-12-20T22:45:10+00:00,31
2024-12-21T12:17:56+00:00,30
2024-12-26T22:39:30+00:00,31
2024-12-29T17:42:45+00:00,30
2024-12-29T22:47:39+00:00,31
2025-01-03T13:31:56+00:00,32
2025-01-04T09:19:47+00:00,31
2025-01-07T10:16:32+00:00,30
2025-01-12T21:27:00+00:00,31
2025-01-14T01:35:41+00:00,32
2025-01-14T01:40:23+00:00,31
2025-01-14T12:05:02+00:00,32
2025-01-15T10:30:00+00:00,31
2025-01-15T10:47:29+00:00,32
2025-01-15T10:52:05+00:00,31
2025-01-15T12:51:09+00:00,32
2025-01-15T23:50:24+00:00,33
2025-01-16T00:21:46+00:00,32
2025-01-17T09:44:08+00:00,31
2025-01-18T20:20:26+00:00,32
2025-01-19T09:52:21+00:00,31
2025-01-21T20:38:21+00:00,32
2025-01-21T22:43:32+00:00,33
2025-01-21T22:58:12+00:00,32
2025-01-22T09:25:42+00:00,31
2025-01-22T12:25:54+00:00,30
2025-01-22T13:15:54+00:00,31
2025-01-22T13:16:29+00:00,30
2025-01-22T16:40:25+00:00,31
2025-01-22T17:33:15+00:00,32
2025-01-22T17:33:22+00:00,31
2025-01-22T17:40:41+00:00,32
2025-01-22T17:40:59+00:00,31
2025-01-23T09:37:23+00:00,32
2025-01-23T09:58:57+00:00,31
2025-01-23T13:49:05+00:00,32
2025-01-23T14:07:33+00:00,31
2025-01-27T11:04:48+00:00,32
2025-01-27T11:04:58+00:00,31
2025-01-27T12:34:08+00:00,32
2025-01-27T12:43:45+00:00,31
2025-01-27T15:34:42+00:00,32
2025-01-27T18:26:58+00:00,31
2025-01-27T20:10:02+00:00,32
2025-01-27T20:20:47+00:00,31
2025-01-27T20:30:20+00:00,32
2025-01-27T20:30:35+00:00,31
2025-01-28T13:05:31+00:00,32
2025-01-29T12:36:45+00:00,33
2025-01-29T12:37:07+00:00,32
2025-01-29T16:13:30+00:00,33
2025-01-29T18:46:52+00:00,32
2025-01-29T19:41:55+00:00,33
2025-01-30T11:02:50+00:00,34
2025-01-30T18:28:40+00:00,33
2025-01-30T21:26:10+00:00,34
2025-01-30T21:26:26+00:00,33
2025-01-30T21:27:43+00:00,34
2025-01-30T21:27:51+00:00,33
2025-02-04T18:03:30+00:00,32
2025-02-04T18:08:45+00:00,33
2025-02-04T19:01:15+00:00,32
2025-02-04T19:35:18+00:00,33
2025-02-04T19:36:09+00:00,32
2025-02-04T21:03:32+00:00,33
2025-02-05T16:25:24+00:00,34
2025-02-05T17:43:50+00:00,33
2025-02-06T21:36:17+00:00,32
2025-02-06T21:43:24+00:00,33
2025-02-06T21:43:56+00:00,32
2025-02-06T23:20:32+00:00,33
2025-02-09T03:07:14+00:00,32
2025-02-15T05:15:19+00:00,33
2025-02-21T07:28:11+00:00,34
2025-02-21T07:28:24+00:00,33
2025-02-21T08:01:39+00:00,34
2025-02-21T08:20:11+00:00,33
2025-02-21T08:30:37+00:00,34
2025-02-21T08:40:14+00:00,33
2025-02-21T14:03:45+00:00,32
2025-02-21T14:36:39+00:00,33
2025-02-21T14:38:22+00:00,34
2025-02-21T14:42:55+00:00,33
2025-02-21T14:54:46+00:00,32
2025-02-24T16:18:38+00:00,33
2025-02-25T10:15:51+00:00,34
2025-02-25T10:48:17+00:00,33
2025-02-25T12:10:33+00:00,34
2025-02-25T12:39:41+00:00,33
2025-02-25T12:47:41+00:00,32
2025-03-03T16:59:26+00:00,33
2025-03-04T10:28:48+00:00,34
2025-03-04T11:57:10+00:00,35
2025-03-04T12:48:01+00:00,34
2025-03-04T12:59:58+00:00,33
2025-03-04T14:02:25+00:00,32
2025-03-04T14:44:18+00:00,33
2025-03-04T23:07:37+00:00,34
2025-03-05T08:22:32+00:00,33
2025-03-05T13:40:43+00:00,34
2025-03-11T11:28:53+00:00,33
2025-03-11T12:35:30+00:00,34
2025-03-12T14:38:23+00:00,35
2025-03-14T15:46:46+00:00,36
2025-03-15T15:07:49+00:00,37
2025-03-17T22:08:23+00:00,38
2025-03-19T18:55:09+00:00,37
2025-03-19T23:04:58+00:00,38
2025-03-21T13:30:35+00:00,37
2025-03-22T19:17:20+00:00,38
2025-03-22T19:22:23+00:00,39
2025-03-22T19:41:42+00:00,40
2025-03-22T21:19:02+00:00,41
2025-03-23T22:21:28+00:00,42
2025-03-27T07:35:58+00:00,43
2025-03-27T08:26:50+00:00,42
2025-03-27T08:29:01+00:00,41
2025-03-27T08:37:02+00:00,40
2025-03-27T08:40:22+00:00,39
2025-03-27T08:42:21+00:00,38
2025-03-27T08:43:20+00:00,37
2025-03-28T00:45:05+00:00,38
2025-03-29T18:33:47+00:00,39
2025-03-31T18:32:49+00:00,40
2025-03-31T19:18:26+00:00,39
2025-03-31T19:21:24+00:00,38
2025-03-31T19:26:03+00:00,37
2025-04-04T23:50:45+00:00,38
2025-04-06T16:21:15+00:00,37
2025-04-07T08:47:55+00:00,38
2025-04-07T11:29:33+00:00,37
2025-04-07T11:44:24+00:00,38
2025-04-07T11:45:54+00:00,37
2025-04-07T15:43:46+00:00,36
2025-04-07T16:19:39+00:00,37
2025-04-07T16:23:53+00:00,36
2025-04-09T07:59:54+00:00,37
2025-04-09T08:00:48+00:00,36
2025-04-09T17:01:17+00:00,35
2025-04-14T06:57:55+00:00,34
2025-04-15T13:52:27+00:00,35
2025-04-17T16:10:20+00:00,36
2025-04-18T12:40:51+00:00,35
2025-04-18T12:51:49+00:00,34
2025-04-18T13:02:27+00:00,33
2025-04-18T13:03:50+00:00,34
2025-04-18T13:07:45+00:00,33
2025-04-18T13:29:25+00:00,34
2025-04-18T15:51:51+00:00,33
2025-04-19T10:10:09+00:00,32
2025-04-21T06:57:25+00:00,31
2025-04-22T10:48:57+00:00,32
2025-04-22T11:28:31+00:00,31
2025-04-22T14:47:22+00:00,32
2025-04-22T20:54:17+00:00,33
2025-04-22T21:40:47+00:00,32
2025-04-23T08:05:38+00:00,31
2025-04-24T10:40:07+00:00,32
2025-04-28T18:20:31+00:00,33
2025-04-29T08:28:06+00:00,32
2025-04-29T12:13:30+00:00,31
2025-04-29T13:43:30+00:00,32
2025-04-29T13:43:48+00:00,31
2025-04-29T18:08:32+00:00,32
2025-04-30T10:55:49+00:00,33
2025-04-30T12:39:43+00:00,34
2025-04-30T13:34:02+00:00,33
2025-04-30T17:29:40+00:00,32
2025-04-30T18:02:56+00:00,31
2025-04-30T18:51:41+00:00,32
2025-04-30T18:52:47+00:00,33
2025-04-30T21:16:44+00:00,34
2025-05-01T10:48:12+00:00,33
2025-05-01T12:37:27+00:00,32
2025-05-01T22:21:30+00:00,33
2025-05-06T11:33:55+00:00,34
2025-05-07T09:26:39+00:00,33
2025-05-07T09:27:06+00:00,32
2025-05-07T11:58:52+00:00,31
2025-05-07T12:48:11+00:00,32
2025-05-08T15:18:48+00:00,31
2025-05-08T15:40:19+00:00,32
2025-05-09T09:00:24+00:00,33
2025-05-09T14:13:32+00:00,32
2025-05-12T11:34:46+00:00,31
2025-05-12T18:15:47+00:00,32
2025-05-13T08:25:15+00:00,33
2025-05-13T08:26:27+00:00,32
2025-05-13T18:13:22+00:00,33
2025-05-13T18:16:40+00:00,32
2025-05-13T18:26:27+00:00,33
2025-05-14T09:41:14+00:00,32
2025-05-14T10:13:28+00:00,33
2025-05-14T10:15:14+00:00,32
2025-05-14T10:57:17+00:00,31
2025-05-15T11:11:26+00:00,32
2025-05-15T12:52:20+00:00,31
2025-05-15T13:29:42+00:00,32
2025-05-15T13:35:40+00:00,31
2025-05-15T15:59:28+00:00,32
2025-05-16T11:01:06+00:00,33
2025-05-16T18:21:30+00:00,32
2025-05-16T18:32:01+00:00,31
2025-05-16T18:42:02+00:00,32
2025-05-17T12:19:29+00:00,33
2025-05-19T09:10:35+00:00,32
2025-05-19T23:57:47+00:00,33
2025-05-21T03:43:14+00:00,34
2025-05-21T17:13:23+00:00,35
2025-05-22T07:53:07+00:00,34
2025-05-22T07:56:01+00:00,33
2025-05-22T08:00:05+00:00,34
2025-05-22T08:00:12+00:00,33
2025-05-27T19:57:14+00:00,34
2025-05-27T22:35:36+00:00,35
2025-05-27T22:54:57+00:00,34
2025-05-28T10:04:58+00:00,33
2025-05-30T12:22:23+00:00,32
2025-05-30T12:29:54+00:00,33
2025-05-30T12:30:37+00:00,32
2025-05-30T19:40:50+00:00,33
2025-05-31T00:11:13+00:00,34
2025-05-31T00:31:58+00:00,35
2025-06-02T11:40:48+00:00,36
2025-06-02T14:16:25+00:00,37
2025-06-06T11:36:39+00:00,38
2025-06-06T15:02:51+00:00,37
2025-06-06T15:03:06+00:00,36
2025-06-06T15:06:36+00:00,35
2025-06-06T15:12:50+00:00,34
2025-06-07T07:53:52+00:00,33
2025-06-07T09:16:12+00:00,34
2025-06-07T09:31:31+00:00,33
2025-06-07T09:34:23+00:00,34
2025-06-07T12:36:18+00:00,33
2025-06-09T19:59:26+00:00,34
2025-06-11T10:40:40+00:00,35
2025-06-11T10:55:20+00:00,34
2025-06-11T11:03:44+00:00,35
2025-06-11T16:28:04+00:00,36
2025-06-15T15:56:44+00:00,37
2025-06-19T22:28:00+00:00,38
2025-06-21T01:14:07+00:00,39
2025-06-23T21:05:15+00:00,38
2025-06-23T21:29:44+00:00,37
2025-06-30T16:17:26+00:00,38
2025-06-30T16:29:09+00:00,37
2025-06-30T19:20:55+00:00,38
2025-06-30T19:39:02+00:00,37
2025-07-01T02:10:47+00:00,38
2025-07-01T02:33:39+00:00,37
2025-07-01T16:41:14+00:00,38
2025-07-01T16:57:05+00:00,37
2025-07-02T10:32:01+00:00,36
2025-07-02T11:15:19+00:00,37
2025-07-02T11:47:20+00:00,36
2025-07-02T11:49:50+00:00,37
2025-07-02T11:50:53+00:00,36
2025-07-02T12:05:05+00:00,37
2025-07-02T14:10:07+00:00,38
2025-07-02T14:21:10+00:00,37
2025-07-02T22:41:27+00:00,38
2025-07-03T08:17:46+00:00,39
2025-07-03T10:01:10+00:00,38
2025-07-03T10:10:00+00:00,37
2025-07-03T13:58:50+00:00,38
2025-07-03T14:31:33+00:00,37
2025-07-04T14:49:59+00:00,38
2025-07-05T12:53:45+00:00,37
2025-07-05T13:39:16+00:00,38
2025-07-05T13:54:33+00:00,39
2025-07-05T14:14:44+00:00,40
2025-07-05T14:18:46+00:00,39
2025-07-05T14:22:30+00:00,40
2025-07-05T14:25:18+00:00,39
2025-07-05T14:25:29+00:00,38
2025-07-05T14:27:47+00:00,37
2025-07-05T14:35:46+00:00,36
2025-07-05T22:09:47+00:00,37
2025-07-06T12:30:08+00:00,38
2025-07-07T10:00:04+00:00,37
2025-07-07T18:36:03+00:00,38
2025-07-08T21:57:32+00:00,37
2025-07-09T10:16:45+00:00,38
2025-07-09T10:19:06+00:00,37
2025-07-11T14:29:13+00:00,38
2025-07-21T11:58:56+00:00,39
2025-07-22T21:29:11+00:00,40
2025-07-23T18:53:17+00:00,41
2025-07-25T12:44:02+00:00,40
2025-07-28T08:20:10+00:00,41
2025-07-28T21:18:27+00:00,42
2025-07-29T17:38:04+00:00,43
2025-07-30T11:59:54+00:00,42
2025-07-30T12:00:27+00:00,41
2025-07-30T12:02:36+00:00,40
2025-07-30T16:23:53+00:00,41
2025-07-30T17:35:53+00:00,42
2025-07-31T16:18:04+00:00,43
2025-07-31T16:18:19+00:00,42
2025-07-31T23:01:58+00:00,43
2025-08-16T15:29:31+00:00,42
2025-08-16T16:38:16+00:00,43
2025-08-16T16:42:03+00:00,42
2025-08-16T16:52:02+00:00,43
2025-08-16T16:54:13+00:00,42
2025-08-18T18:48:03+00:00,43
2025-08-19T09:09:38+00:00,44
2025-08-19T09:09:58+00:00,43
2025-08-19T10:03:29+00:00,44
2025-08-19T10:07:23+00:00,43
2025-08-19T10:12:29+00:00,44
2025-08-19T10:12:43+00:00,43
2025-08-19T10:13:01+00:00,42
2025-08-19T10:22:52+00:00,43
2025-08-19T10:24:40+00:00,42
2025-08-19T10:31:34+00:00,43
2025-08-19T10:33:53+00:00,42
2025-08-19T10:35:16+00:00,41
2025-08-19T10:35:42+00:00,40
2025-08-19T10:36:05+00:00,39
2025-08-19T11:02:37+00:00,40
2025-08-19T11:05:06+00:00,39
2025-08-19T12:58:11+00:00,40
2025-08-19T13:07:48+00:00,39
2025-08-19T13:16:32+00:00,40
2025-08-19T14:02:29+00:00,41
2025-08-19T14:36:20+00:00,40
2025-08-19T14:45:33+00:00,39
2025-08-19T14:45:57+00:00,38
2025-08-19T14:51:34+00:00,37
2025-08-21T13:37:23+00:00,38
2025-08-21T13:52:47+00:00,37
2025-08-21T14:52:22+00:00,36
2025-08-22T09:23:31+00:00,37
2025-08-22T10:43:12+00:00,36
2025-08-22T10:43:58+00:00,37
2025-08-27T12:41:31+00:00,38
2025-08-27T13:31:47+00:00,39
2025-08-27T14:24:45+00:00,38
2025-08-29T12:38:10+00:00,37
2025-08-29T12:42:38+00:00,38
2025-08-29T12:52:03+00:00,37
2025-08-29T13:00:00+00:00,38
2025-08-29T14:59:36+00:00,39
2025-08-29T15:00:08+00:00,38
2025-09-02T15:55:35+00:00,39
2025-09-02T20:56:53+00:00,40
2025-09-02T20:57:03+00:00,41
2025-09-02T21:18:39+00:00,42
2025-09-03T13:52:43+00:00,43
2025-09-03T14:07:56+00:00,42
2025-09-03T14:18:20+00:00,41
2025-09-03T21:44:05+00:00,42
2025-09-04T14:37:22+00:00,41
2025-09-04T14:38:01+00:00,40
2025-09-04T15:22:33+00:00,41
2025-09-04T15:31:06+00:00,40
2025-09-05T08:33:59+00:00,41
2025-09-05T08:51:10+00:00,42
2025-09-05T10:40:12+00:00,41
2025-09-05T10:46:37+00:00,42
2025-09-05T10:50:12+00:00,41
2025-09-05T10:57:26+00:00,40
2025-09-05T11:29:06+00:00,41
2025-09-05T11:29:59+00:00,40
2025-09-05T11:31:39+00:00,41
2025-09-05T11:31:55+00:00,40
2025-09-08T14:02:56+00:00,39
2025-09-08T14:20:28+00:00,40
2025-09-08T19:54:34+00:00,41
2025-09-09T12:37:43+00:00,42
2025-09-09T12:38:54+00:00,41
2025-09-09T16:13:19+00:00,42
2025-09-12T16:25:05+00:00,43
2025-09-15T18:52:04+00:00,44
2025-09-16T10:19:26+00:00,45
2025-09-16T11:37:17+00:00,44
2025-09-16T16:00:37+00:00,43
2025-09-16T16:19:27+00:00,44
2025-09-16T17:54:48+00:00,43
2025-09-17T17:56:16+00:00,44
2025-09-17T19:23:16+00:00,45
2025-09-17T19:23:28+00:00,44
2025-09-17T19:26:08+00:00,43
2025-10-01T07:36:37+00:00,44
2025-10-01T07:38:39+00:00,43
2025-10-13T22:50:36+00:00,44
2025-10-16T20:40:31+00:00,45
2025-10-17T05:44:04+00:00,46
2025-10-21T10:05:00+00:00,47
2025-10-21T14:21:15+00:00,46
2025-10-22T17:52:48+00:00,47
2025-10-23T20:04:07+00:00,48
2025-10-24T22:48:39+00:00,49
2025-10-25T07:13:09+00:00,50
2025-10-25T08:07:28+00:00,51
2025-10-25T09:09:17+00:00,50
2025-10-25T09:09:54+00:00,49
2025-10-25T09:10:11+00:00,48
2025-10-25T15:17:12+00:00,49
2025-10-25T22:12:44+00:00,48
2025-10-25T23:33:21+00:00,49
2025-10-25T23:33:40+00:00,48
2025-10-28T14:04:05+00:00,49
2025-10-30T22:36:52+00:00,50
2025-11-06T21:06:43+00:00,51
2025-11-10T17:50:36+00:00,52
2025-11-12T10:05:40+00:00,53
2025-11-12T10:43:50+00:00,52
2025-11-12T10:59:43+00:00,53
2025-11-14T22:36:57+00:00,54
2025-11-15T21:14:31+00:00,55
2025-11-24T00:12:49+00:00,56
2025-11-26T05:21:33+00:00,57
2025-11-26T11:46:51+00:00,58
2025-11-27T14:11:06+00:00,59
2025-11-28T13:57:29+00:00,60
2025-11-28T14:03:49+00:00,59
2025-11-28T15:37:46+00:00,60
2025-11-28T16:11:19+00:00,61
2025-11-28T16:20:21+00:00,60
2025-11-28T17:31:15+00:00,61
2025-11-28T17:46:20+00:00,62
2025-12-02T09:57:17+00:00,63
2025-12-02T11:06:09+00:00,64
2025-12-02T11:08:40+00:00,65
2025-12-02T20:52:30+00:00,66
2025-12-03T12:58:13+00:00,65
2025-12-03T13:31:47+00:00,66
2025-12-05T10:48:40+00:00,67
2025-12-05T11:01:23+00:00,66
2025-12-05T11:56:04+00:00,67
2025-12-05T21:42:20+00:00,68
2025-12-05T21:47:01+00:00,67
2025-12-05T22:19:51+00:00,68
2025-12-05T22:27:36+00:00,67
2025-12-05T23:49:56+00:00,68
2025-12-05T23:53:07+00:00,67
2025-12-06T00:00:53+00:00,68
2025-12-06T19:08:02+00:00,67
2025-12-08T08:53:14+00:00,68
2025-12-08T08:53:33+00:00,67
2025-12-08T09:09:40+00:00,68
2025-12-08T10:23:09+00:00,69
2025-12-08T12:37:33+00:00,68
2025-12-08T14:03:48+00:00,69
2025-12-08T15:00:23+00:00,70
2025-12-08T15:30:00+00:00,71
2025-12-08T16:49:53+00:00,70
2025-12-08T16:56:13+00:00,69
2025-12-09T14:23:59+00:00,70
2025-12-09T15:18:48+00:00,71
2025-12-09T16:02:16+00:00,70
2025-12-09T20:29:54+00:00,71
2025-12-09T20:44:38+00:00,70
2025-12-10T16:24:12+00:00,71
2025-12-11T11:42:13+00:00,72
2025-12-11T12:06:35+00:00,71
2025-12-12T22:06:23+00:00,72
2025-12-16T00:50:06+00:00,73
2025-12-16T18:28:45+00:00,74
2025-12-17T09:08:16+00:00,73
2025-12-17T18:06:00+00:00,74
2025-12-17T19:25:54+00:00,73
2025-12-17T20:43:20+00:00,74
2025-12-18T05:26:21+00:00,75
2025-12-19T12:37:45+00:00,76
2025-12-20T18:53:21+00:00,77
2025-12-21T20:29:37+00:00,78
2025-12-21T21:14:40+00:00,77
2025-12-21T21:47:40+00:00,78
2025-12-21T21:48:28+00:00,77
2025-12-22T15:25:20+00:00,78
2025-12-22T17:09:19+00:00,77
2025-12-22T17:32:10+00:00,78
2026-01-08T01:20:52+00:00,79
2026-01-08T19:42:03+00:00,80
2026-01-08T20:05:16+00:00,79
2026-01-08T23:49:47+00:00,80
2026-01-12T10:05:25+00:00,81
2026-01-12T19:07:14+00:00,80
2026-01-13T13:25:30+00:00,81
2026-01-13T16:56:11+00:00,82
2026-01-13T19:07:47+00:00,83
2026-01-13T19:17:47+00:00,82
2026-01-13T23:02:02+00:00,83
2026-01-14T20:10:53+00:00,84
2026-01-14T20:41:39+00:00,85
2026-01-16T23:33:21+00:00,86
2026-01-23T16:34:57+00:00,87
2026-01-30T08:37:33+00:00,88
2026-02-04T17:29:12+00:00,89
2026-02-17T12:32:44+00:00,90
2026-02-17T18:50:42+00:00,91
2026-02-20T09:45:39+00:00,92
2026-02-21T09:07:51+00:00,93
2026-02-21T18:37:28+00:00,94
